nfe,time,best_f,best_P,instance,seed,num_units,num_sensors
100,9,0.65,"[<ptreeopt.tree.PTree object at 0x155514d6c3d0>
 <ptreeopt.tree.PTree object at 0x155514d6c0a0>
 <ptreeopt.tree.PTree object at 0x155514d6c6d0>]",6,0,3,10
200,19,0.51,"[<ptreeopt.tree.PTree object at 0x155515257190>
 <ptreeopt.tree.PTree object at 0x155515265700>
 <ptreeopt.tree.PTree object at 0x155515265a90>]",6,0,3,10
300,29,0.51,"[<ptreeopt.tree.PTree object at 0x155515257190>
 <ptreeopt.tree.PTree object at 0x155515265700>
 <ptreeopt.tree.PTree object at 0x155515265a90>]",6,0,3,10
400,39,0.51,"[<ptreeopt.tree.PTree object at 0x155515257190>
 <ptreeopt.tree.PTree object at 0x155515265700>
 <ptreeopt.tree.PTree object at 0x155515265a90>]",6,0,3,10
500,49,0.5,"[<ptreeopt.tree.PTree object at 0x155515033cd0>
 <ptreeopt.tree.PTree object at 0x155515033c10>
 <ptreeopt.tree.PTree object at 0x155515033730>]",6,0,3,10
600,59,0.5,"[<ptreeopt.tree.PTree object at 0x155515033cd0>
 <ptreeopt.tree.PTree object at 0x155515033c10>
 <ptreeopt.tree.PTree object at 0x155515033730>]",6,0,3,10
700,69,0.5,"[<ptreeopt.tree.PTree object at 0x155515033cd0>
 <ptreeopt.tree.PTree object at 0x155515033c10>
 <ptreeopt.tree.PTree object at 0x155515033730>]",6,0,3,10
800,80,0.5,"[<ptreeopt.tree.PTree object at 0x155515033cd0>
 <ptreeopt.tree.PTree object at 0x155515033c10>
 <ptreeopt.tree.PTree object at 0x155515033730>]",6,0,3,10
900,91,0.5,"[<ptreeopt.tree.PTree object at 0x155515033cd0>
 <ptreeopt.tree.PTree object at 0x155515033c10>
 <ptreeopt.tree.PTree object at 0x155515033730>]",6,0,3,10
1000,102,0.5,"[<ptreeopt.tree.PTree object at 0x155515033cd0>
 <ptreeopt.tree.PTree object at 0x155515033c10>
 <ptreeopt.tree.PTree object at 0x155515033730>]",6,0,3,10
1100,112,0.5,"[<ptreeopt.tree.PTree object at 0x155515033cd0>
 <ptreeopt.tree.PTree object at 0x155515033c10>
 <ptreeopt.tree.PTree object at 0x155515033730>]",6,0,3,10
1200,123,0.5,"[<ptreeopt.tree.PTree object at 0x155515033cd0>
 <ptreeopt.tree.PTree object at 0x155515033c10>
 <ptreeopt.tree.PTree object at 0x155515033730>]",6,0,3,10
1300,134,0.5,"[<ptreeopt.tree.PTree object at 0x155515033cd0>
 <ptreeopt.tree.PTree object at 0x155515033c10>
 <ptreeopt.tree.PTree object at 0x155515033730>]",6,0,3,10
1400,144,0.5,"[<ptreeopt.tree.PTree object at 0x155515033cd0>
 <ptreeopt.tree.PTree object at 0x155515033c10>
 <ptreeopt.tree.PTree object at 0x155515033730>]",6,0,3,10
1500,155,0.5,"[<ptreeopt.tree.PTree object at 0x155515033cd0>
 <ptreeopt.tree.PTree object at 0x155515033c10>
 <ptreeopt.tree.PTree object at 0x155515033730>]",6,0,3,10
1600,166,0.5,"[<ptreeopt.tree.PTree object at 0x155515033cd0>
 <ptreeopt.tree.PTree object at 0x155515033c10>
 <ptreeopt.tree.PTree object at 0x155515033730>]",6,0,3,10
1700,176,0.5,"[<ptreeopt.tree.PTree object at 0x155515033cd0>
 <ptreeopt.tree.PTree object at 0x155515033c10>
 <ptreeopt.tree.PTree object at 0x155515033730>]",6,0,3,10
1800,187,0.5,"[<ptreeopt.tree.PTree object at 0x155515033cd0>
 <ptreeopt.tree.PTree object at 0x155515033c10>
 <ptreeopt.tree.PTree object at 0x155515033730>]",6,0,3,10
1900,197,0.5,"[<ptreeopt.tree.PTree object at 0x155515033cd0>
 <ptreeopt.tree.PTree object at 0x155515033c10>
 <ptreeopt.tree.PTree object at 0x155515033730>]",6,0,3,10
2000,208,0.5,"[<ptreeopt.tree.PTree object at 0x155515033cd0>
 <ptreeopt.tree.PTree object at 0x155515033c10>
 <ptreeopt.tree.PTree object at 0x155515033730>]",6,0,3,10
2100,218,0.5,"[<ptreeopt.tree.PTree object at 0x155515033cd0>
 <ptreeopt.tree.PTree object at 0x155515033c10>
 <ptreeopt.tree.PTree object at 0x155515033730>]",6,0,3,10
2200,228,0.5,"[<ptreeopt.tree.PTree object at 0x155515033cd0>
 <ptreeopt.tree.PTree object at 0x155515033c10>
 <ptreeopt.tree.PTree object at 0x155515033730>]",6,0,3,10
2300,238,0.5,"[<ptreeopt.tree.PTree object at 0x155515033cd0>
 <ptreeopt.tree.PTree object at 0x155515033c10>
 <ptreeopt.tree.PTree object at 0x155515033730>]",6,0,3,10
2400,249,0.5,"[<ptreeopt.tree.PTree object at 0x155515033cd0>
 <ptreeopt.tree.PTree object at 0x155515033c10>
 <ptreeopt.tree.PTree object at 0x155515033730>]",6,0,3,10
2500,260,0.5,"[<ptreeopt.tree.PTree object at 0x155515033cd0>
 <ptreeopt.tree.PTree object at 0x155515033c10>
 <ptreeopt.tree.PTree object at 0x155515033730>]",6,0,3,10
2600,270,0.5,"[<ptreeopt.tree.PTree object at 0x155515033cd0>
 <ptreeopt.tree.PTree object at 0x155515033c10>
 <ptreeopt.tree.PTree object at 0x155515033730>]",6,0,3,10
2700,281,0.5,"[<ptreeopt.tree.PTree object at 0x155515033cd0>
 <ptreeopt.tree.PTree object at 0x155515033c10>
 <ptreeopt.tree.PTree object at 0x155515033730>]",6,0,3,10
2800,292,0.5,"[<ptreeopt.tree.PTree object at 0x155515033cd0>
 <ptreeopt.tree.PTree object at 0x155515033c10>
 <ptreeopt.tree.PTree object at 0x155515033730>]",6,0,3,10
2900,302,0.5,"[<ptreeopt.tree.PTree object at 0x155515033cd0>
 <ptreeopt.tree.PTree object at 0x155515033c10>
 <ptreeopt.tree.PTree object at 0x155515033730>]",6,0,3,10
3000,312,0.5,"[<ptreeopt.tree.PTree object at 0x155515033cd0>
 <ptreeopt.tree.PTree object at 0x155515033c10>
 <ptreeopt.tree.PTree object at 0x155515033730>]",6,0,3,10
3100,322,0.5,"[<ptreeopt.tree.PTree object at 0x155515033cd0>
 <ptreeopt.tree.PTree object at 0x155515033c10>
 <ptreeopt.tree.PTree object at 0x155515033730>]",6,0,3,10
3200,333,0.5,"[<ptreeopt.tree.PTree object at 0x155515033cd0>
 <ptreeopt.tree.PTree object at 0x155515033c10>
 <ptreeopt.tree.PTree object at 0x155515033730>]",6,0,3,10
3300,344,0.5,"[<ptreeopt.tree.PTree object at 0x155515033cd0>
 <ptreeopt.tree.PTree object at 0x155515033c10>
 <ptreeopt.tree.PTree object at 0x155515033730>]",6,0,3,10
3400,354,0.5,"[<ptreeopt.tree.PTree object at 0x155515033cd0>
 <ptreeopt.tree.PTree object at 0x155515033c10>
 <ptreeopt.tree.PTree object at 0x155515033730>]",6,0,3,10
3500,365,0.5,"[<ptreeopt.tree.PTree object at 0x155515033cd0>
 <ptreeopt.tree.PTree object at 0x155515033c10>
 <ptreeopt.tree.PTree object at 0x155515033730>]",6,0,3,10
3600,376,0.45,"[<ptreeopt.tree.PTree object at 0x1555156db640>
 <ptreeopt.tree.PTree object at 0x1555156db490>
 <ptreeopt.tree.PTree object at 0x1555156dbeb0>]",6,0,3,10
3700,387,0.45,"[<ptreeopt.tree.PTree object at 0x1555156db640>
 <ptreeopt.tree.PTree object at 0x1555156db490>
 <ptreeopt.tree.PTree object at 0x1555156dbeb0>]",6,0,3,10
3800,397,0.45,"[<ptreeopt.tree.PTree object at 0x1555156db640>
 <ptreeopt.tree.PTree object at 0x1555156db490>
 <ptreeopt.tree.PTree object at 0x1555156dbeb0>]",6,0,3,10
3900,408,0.45,"[<ptreeopt.tree.PTree object at 0x1555156db640>
 <ptreeopt.tree.PTree object at 0x1555156db490>
 <ptreeopt.tree.PTree object at 0x1555156dbeb0>]",6,0,3,10
4000,418,0.45,"[<ptreeopt.tree.PTree object at 0x1555156db640>
 <ptreeopt.tree.PTree object at 0x1555156db490>
 <ptreeopt.tree.PTree object at 0x1555156dbeb0>]",6,0,3,10
4100,428,0.45,"[<ptreeopt.tree.PTree object at 0x1555156db640>
 <ptreeopt.tree.PTree object at 0x1555156db490>
 <ptreeopt.tree.PTree object at 0x1555156dbeb0>]",6,0,3,10
4200,439,0.45,"[<ptreeopt.tree.PTree object at 0x1555156db640>
 <ptreeopt.tree.PTree object at 0x1555156db490>
 <ptreeopt.tree.PTree object at 0x1555156dbeb0>]",6,0,3,10
4300,450,0.43,"[<ptreeopt.tree.PTree object at 0x155520774f40>
 <ptreeopt.tree.PTree object at 0x1555207740a0>
 <ptreeopt.tree.PTree object at 0x155520774550>]",6,0,3,10
4400,460,0.43,"[<ptreeopt.tree.PTree object at 0x155520774f40>
 <ptreeopt.tree.PTree object at 0x1555207740a0>
 <ptreeopt.tree.PTree object at 0x155520774550>]",6,0,3,10
4500,470,0.43,"[<ptreeopt.tree.PTree object at 0x155520774f40>
 <ptreeopt.tree.PTree object at 0x1555207740a0>
 <ptreeopt.tree.PTree object at 0x155520774550>]",6,0,3,10
4600,480,0.43,"[<ptreeopt.tree.PTree object at 0x155520774f40>
 <ptreeopt.tree.PTree object at 0x1555207740a0>
 <ptreeopt.tree.PTree object at 0x155520774550>]",6,0,3,10
4700,490,0.43,"[<ptreeopt.tree.PTree object at 0x155520774f40>
 <ptreeopt.tree.PTree object at 0x1555207740a0>
 <ptreeopt.tree.PTree object at 0x155520774550>]",6,0,3,10
4800,500,0.43,"[<ptreeopt.tree.PTree object at 0x155520774f40>
 <ptreeopt.tree.PTree object at 0x1555207740a0>
 <ptreeopt.tree.PTree object at 0x155520774550>]",6,0,3,10
4900,511,0.43,"[<ptreeopt.tree.PTree object at 0x155520774f40>
 <ptreeopt.tree.PTree object at 0x1555207740a0>
 <ptreeopt.tree.PTree object at 0x155520774550>]",6,0,3,10
5000,521,0.43,"[<ptreeopt.tree.PTree object at 0x155520774f40>
 <ptreeopt.tree.PTree object at 0x1555207740a0>
 <ptreeopt.tree.PTree object at 0x155520774550>]",6,0,3,10
5100,530,0.43,"[<ptreeopt.tree.PTree object at 0x155520774f40>
 <ptreeopt.tree.PTree object at 0x1555207740a0>
 <ptreeopt.tree.PTree object at 0x155520774550>]",6,0,3,10
5200,541,0.43,"[<ptreeopt.tree.PTree object at 0x155520774f40>
 <ptreeopt.tree.PTree object at 0x1555207740a0>
 <ptreeopt.tree.PTree object at 0x155520774550>]",6,0,3,10
5300,552,0.43,"[<ptreeopt.tree.PTree object at 0x155520774f40>
 <ptreeopt.tree.PTree object at 0x1555207740a0>
 <ptreeopt.tree.PTree object at 0x155520774550>]",6,0,3,10
5400,562,0.43,"[<ptreeopt.tree.PTree object at 0x155520774f40>
 <ptreeopt.tree.PTree object at 0x1555207740a0>
 <ptreeopt.tree.PTree object at 0x155520774550>]",6,0,3,10
5500,572,0.43,"[<ptreeopt.tree.PTree object at 0x155520774f40>
 <ptreeopt.tree.PTree object at 0x1555207740a0>
 <ptreeopt.tree.PTree object at 0x155520774550>]",6,0,3,10
5600,582,0.43,"[<ptreeopt.tree.PTree object at 0x155520774f40>
 <ptreeopt.tree.PTree object at 0x1555207740a0>
 <ptreeopt.tree.PTree object at 0x155520774550>]",6,0,3,10
5700,593,0.43,"[<ptreeopt.tree.PTree object at 0x155520774f40>
 <ptreeopt.tree.PTree object at 0x1555207740a0>
 <ptreeopt.tree.PTree object at 0x155520774550>]",6,0,3,10
5800,602,0.43,"[<ptreeopt.tree.PTree object at 0x155520774f40>
 <ptreeopt.tree.PTree object at 0x1555207740a0>
 <ptreeopt.tree.PTree object at 0x155520774550>]",6,0,3,10
5900,612,0.43,"[<ptreeopt.tree.PTree object at 0x155520774f40>
 <ptreeopt.tree.PTree object at 0x1555207740a0>
 <ptreeopt.tree.PTree object at 0x155520774550>]",6,0,3,10
6000,622,0.43,"[<ptreeopt.tree.PTree object at 0x155520774f40>
 <ptreeopt.tree.PTree object at 0x1555207740a0>
 <ptreeopt.tree.PTree object at 0x155520774550>]",6,0,3,10
6100,633,0.43,"[<ptreeopt.tree.PTree object at 0x155520774f40>
 <ptreeopt.tree.PTree object at 0x1555207740a0>
 <ptreeopt.tree.PTree object at 0x155520774550>]",6,0,3,10
6200,643,0.43,"[<ptreeopt.tree.PTree object at 0x155520774f40>
 <ptreeopt.tree.PTree object at 0x1555207740a0>
 <ptreeopt.tree.PTree object at 0x155520774550>]",6,0,3,10
6300,653,0.43,"[<ptreeopt.tree.PTree object at 0x155520774f40>
 <ptreeopt.tree.PTree object at 0x1555207740a0>
 <ptreeopt.tree.PTree object at 0x155520774550>]",6,0,3,10
6400,663,0.43,"[<ptreeopt.tree.PTree object at 0x155520774f40>
 <ptreeopt.tree.PTree object at 0x1555207740a0>
 <ptreeopt.tree.PTree object at 0x155520774550>]",6,0,3,10
6500,673,0.43,"[<ptreeopt.tree.PTree object at 0x155520774f40>
 <ptreeopt.tree.PTree object at 0x1555207740a0>
 <ptreeopt.tree.PTree object at 0x155520774550>]",6,0,3,10
6600,682,0.43,"[<ptreeopt.tree.PTree object at 0x155520774f40>
 <ptreeopt.tree.PTree object at 0x1555207740a0>
 <ptreeopt.tree.PTree object at 0x155520774550>]",6,0,3,10
6700,692,0.43,"[<ptreeopt.tree.PTree object at 0x155520774f40>
 <ptreeopt.tree.PTree object at 0x1555207740a0>
 <ptreeopt.tree.PTree object at 0x155520774550>]",6,0,3,10
6800,702,0.43,"[<ptreeopt.tree.PTree object at 0x155520774f40>
 <ptreeopt.tree.PTree object at 0x1555207740a0>
 <ptreeopt.tree.PTree object at 0x155520774550>]",6,0,3,10
6900,713,0.43,"[<ptreeopt.tree.PTree object at 0x155520774f40>
 <ptreeopt.tree.PTree object at 0x1555207740a0>
 <ptreeopt.tree.PTree object at 0x155520774550>]",6,0,3,10
7000,723,0.43,"[<ptreeopt.tree.PTree object at 0x155520774f40>
 <ptreeopt.tree.PTree object at 0x1555207740a0>
 <ptreeopt.tree.PTree object at 0x155520774550>]",6,0,3,10
7100,733,0.43,"[<ptreeopt.tree.PTree object at 0x155520774f40>
 <ptreeopt.tree.PTree object at 0x1555207740a0>
 <ptreeopt.tree.PTree object at 0x155520774550>]",6,0,3,10
7200,743,0.43,"[<ptreeopt.tree.PTree object at 0x155520774f40>
 <ptreeopt.tree.PTree object at 0x1555207740a0>
 <ptreeopt.tree.PTree object at 0x155520774550>]",6,0,3,10
7300,753,0.43,"[<ptreeopt.tree.PTree object at 0x155520774f40>
 <ptreeopt.tree.PTree object at 0x1555207740a0>
 <ptreeopt.tree.PTree object at 0x155520774550>]",6,0,3,10
7400,763,0.43,"[<ptreeopt.tree.PTree object at 0x155520774f40>
 <ptreeopt.tree.PTree object at 0x1555207740a0>
 <ptreeopt.tree.PTree object at 0x155520774550>]",6,0,3,10
7500,774,0.43,"[<ptreeopt.tree.PTree object at 0x155520774f40>
 <ptreeopt.tree.PTree object at 0x1555207740a0>
 <ptreeopt.tree.PTree object at 0x155520774550>]",6,0,3,10
7600,784,0.43,"[<ptreeopt.tree.PTree object at 0x155520774f40>
 <ptreeopt.tree.PTree object at 0x1555207740a0>
 <ptreeopt.tree.PTree object at 0x155520774550>]",6,0,3,10
7700,794,0.43,"[<ptreeopt.tree.PTree object at 0x155520774f40>
 <ptreeopt.tree.PTree object at 0x1555207740a0>
 <ptreeopt.tree.PTree object at 0x155520774550>]",6,0,3,10
7800,804,0.43,"[<ptreeopt.tree.PTree object at 0x155520774f40>
 <ptreeopt.tree.PTree object at 0x1555207740a0>
 <ptreeopt.tree.PTree object at 0x155520774550>]",6,0,3,10
7900,813,0.43,"[<ptreeopt.tree.PTree object at 0x155520774f40>
 <ptreeopt.tree.PTree object at 0x1555207740a0>
 <ptreeopt.tree.PTree object at 0x155520774550>]",6,0,3,10
8000,822,0.43,"[<ptreeopt.tree.PTree object at 0x155520774f40>
 <ptreeopt.tree.PTree object at 0x1555207740a0>
 <ptreeopt.tree.PTree object at 0x155520774550>]",6,0,3,10
8100,833,0.43,"[<ptreeopt.tree.PTree object at 0x155520774f40>
 <ptreeopt.tree.PTree object at 0x1555207740a0>
 <ptreeopt.tree.PTree object at 0x155520774550>]",6,0,3,10
8200,843,0.43,"[<ptreeopt.tree.PTree object at 0x155520774f40>
 <ptreeopt.tree.PTree object at 0x1555207740a0>
 <ptreeopt.tree.PTree object at 0x155520774550>]",6,0,3,10
8300,853,0.43,"[<ptreeopt.tree.PTree object at 0x155520774f40>
 <ptreeopt.tree.PTree object at 0x1555207740a0>
 <ptreeopt.tree.PTree object at 0x155520774550>]",6,0,3,10
8400,863,0.43,"[<ptreeopt.tree.PTree object at 0x155520774f40>
 <ptreeopt.tree.PTree object at 0x1555207740a0>
 <ptreeopt.tree.PTree object at 0x155520774550>]",6,0,3,10
8500,873,0.43,"[<ptreeopt.tree.PTree object at 0x155520774f40>
 <ptreeopt.tree.PTree object at 0x1555207740a0>
 <ptreeopt.tree.PTree object at 0x155520774550>]",6,0,3,10
8600,884,0.43,"[<ptreeopt.tree.PTree object at 0x155520774f40>
 <ptreeopt.tree.PTree object at 0x1555207740a0>
 <ptreeopt.tree.PTree object at 0x155520774550>]",6,0,3,10
8700,894,0.43,"[<ptreeopt.tree.PTree object at 0x155520774f40>
 <ptreeopt.tree.PTree object at 0x1555207740a0>
 <ptreeopt.tree.PTree object at 0x155520774550>]",6,0,3,10
8800,904,0.43,"[<ptreeopt.tree.PTree object at 0x155520774f40>
 <ptreeopt.tree.PTree object at 0x1555207740a0>
 <ptreeopt.tree.PTree object at 0x155520774550>]",6,0,3,10
8900,914,0.43,"[<ptreeopt.tree.PTree object at 0x155520774f40>
 <ptreeopt.tree.PTree object at 0x1555207740a0>
 <ptreeopt.tree.PTree object at 0x155520774550>]",6,0,3,10
9000,925,0.43,"[<ptreeopt.tree.PTree object at 0x155520774f40>
 <ptreeopt.tree.PTree object at 0x1555207740a0>
 <ptreeopt.tree.PTree object at 0x155520774550>]",6,0,3,10
9100,934,0.43,"[<ptreeopt.tree.PTree object at 0x155520774f40>
 <ptreeopt.tree.PTree object at 0x1555207740a0>
 <ptreeopt.tree.PTree object at 0x155520774550>]",6,0,3,10
9200,944,0.43,"[<ptreeopt.tree.PTree object at 0x155520774f40>
 <ptreeopt.tree.PTree object at 0x1555207740a0>
 <ptreeopt.tree.PTree object at 0x155520774550>]",6,0,3,10
9300,954,0.43,"[<ptreeopt.tree.PTree object at 0x155520774f40>
 <ptreeopt.tree.PTree object at 0x1555207740a0>
 <ptreeopt.tree.PTree object at 0x155520774550>]",6,0,3,10
9400,964,0.43,"[<ptreeopt.tree.PTree object at 0x155520774f40>
 <ptreeopt.tree.PTree object at 0x1555207740a0>
 <ptreeopt.tree.PTree object at 0x155520774550>]",6,0,3,10
9500,975,0.43,"[<ptreeopt.tree.PTree object at 0x155520774f40>
 <ptreeopt.tree.PTree object at 0x1555207740a0>
 <ptreeopt.tree.PTree object at 0x155520774550>]",6,0,3,10
9600,985,0.43,"[<ptreeopt.tree.PTree object at 0x155520774f40>
 <ptreeopt.tree.PTree object at 0x1555207740a0>
 <ptreeopt.tree.PTree object at 0x155520774550>]",6,0,3,10
9700,997,0.43,"[<ptreeopt.tree.PTree object at 0x155520774f40>
 <ptreeopt.tree.PTree object at 0x1555207740a0>
 <ptreeopt.tree.PTree object at 0x155520774550>]",6,0,3,10
9800,1007,0.43,"[<ptreeopt.tree.PTree object at 0x155520774f40>
 <ptreeopt.tree.PTree object at 0x1555207740a0>
 <ptreeopt.tree.PTree object at 0x155520774550>]",6,0,3,10
9900,1017,0.43,"[<ptreeopt.tree.PTree object at 0x155520774f40>
 <ptreeopt.tree.PTree object at 0x1555207740a0>
 <ptreeopt.tree.PTree object at 0x155520774550>]",6,0,3,10
10000,1026,0.43,"[<ptreeopt.tree.PTree object at 0x155520774f40>
 <ptreeopt.tree.PTree object at 0x1555207740a0>
 <ptreeopt.tree.PTree object at 0x155520774550>]",6,0,3,10
100,10,0.51,"[<ptreeopt.tree.PTree object at 0x1555175aaca0>
 <ptreeopt.tree.PTree object at 0x1555175aa5e0>
 <ptreeopt.tree.PTree object at 0x1555175aa610>]",6,1,3,10
200,19,0.51,"[<ptreeopt.tree.PTree object at 0x1555175aaca0>
 <ptreeopt.tree.PTree object at 0x1555175aa5e0>
 <ptreeopt.tree.PTree object at 0x1555175aa610>]",6,1,3,10
300,30,0.51,"[<ptreeopt.tree.PTree object at 0x1555175aaca0>
 <ptreeopt.tree.PTree object at 0x1555175aa5e0>
 <ptreeopt.tree.PTree object at 0x1555175aa610>]",6,1,3,10
400,40,0.45,"[<ptreeopt.tree.PTree object at 0x155517463550>
 <ptreeopt.tree.PTree object at 0x155517463fd0>
 <ptreeopt.tree.PTree object at 0x1555174633d0>]",6,1,3,10
500,50,0.45,"[<ptreeopt.tree.PTree object at 0x155517463550>
 <ptreeopt.tree.PTree object at 0x155517463fd0>
 <ptreeopt.tree.PTree object at 0x1555174633d0>]",6,1,3,10
600,61,0.45,"[<ptreeopt.tree.PTree object at 0x155517463550>
 <ptreeopt.tree.PTree object at 0x155517463fd0>
 <ptreeopt.tree.PTree object at 0x1555174633d0>]",6,1,3,10
700,71,0.45,"[<ptreeopt.tree.PTree object at 0x155517463550>
 <ptreeopt.tree.PTree object at 0x155517463fd0>
 <ptreeopt.tree.PTree object at 0x1555174633d0>]",6,1,3,10
800,81,0.45,"[<ptreeopt.tree.PTree object at 0x155517463550>
 <ptreeopt.tree.PTree object at 0x155517463fd0>
 <ptreeopt.tree.PTree object at 0x1555174633d0>]",6,1,3,10
900,91,0.45,"[<ptreeopt.tree.PTree object at 0x155517463550>
 <ptreeopt.tree.PTree object at 0x155517463fd0>
 <ptreeopt.tree.PTree object at 0x1555174633d0>]",6,1,3,10
1000,101,0.45,"[<ptreeopt.tree.PTree object at 0x155517463550>
 <ptreeopt.tree.PTree object at 0x155517463fd0>
 <ptreeopt.tree.PTree object at 0x1555174633d0>]",6,1,3,10
1100,110,0.45,"[<ptreeopt.tree.PTree object at 0x155517463550>
 <ptreeopt.tree.PTree object at 0x155517463fd0>
 <ptreeopt.tree.PTree object at 0x1555174633d0>]",6,1,3,10
1200,120,0.45,"[<ptreeopt.tree.PTree object at 0x155517463550>
 <ptreeopt.tree.PTree object at 0x155517463fd0>
 <ptreeopt.tree.PTree object at 0x1555174633d0>]",6,1,3,10
1300,129,0.45,"[<ptreeopt.tree.PTree object at 0x155517463550>
 <ptreeopt.tree.PTree object at 0x155517463fd0>
 <ptreeopt.tree.PTree object at 0x1555174633d0>]",6,1,3,10
1400,140,0.45,"[<ptreeopt.tree.PTree object at 0x155517463550>
 <ptreeopt.tree.PTree object at 0x155517463fd0>
 <ptreeopt.tree.PTree object at 0x1555174633d0>]",6,1,3,10
1500,149,0.45,"[<ptreeopt.tree.PTree object at 0x155517463550>
 <ptreeopt.tree.PTree object at 0x155517463fd0>
 <ptreeopt.tree.PTree object at 0x1555174633d0>]",6,1,3,10
1600,158,0.45,"[<ptreeopt.tree.PTree object at 0x155517463550>
 <ptreeopt.tree.PTree object at 0x155517463fd0>
 <ptreeopt.tree.PTree object at 0x1555174633d0>]",6,1,3,10
1700,169,0.45,"[<ptreeopt.tree.PTree object at 0x155517463550>
 <ptreeopt.tree.PTree object at 0x155517463fd0>
 <ptreeopt.tree.PTree object at 0x1555174633d0>]",6,1,3,10
1800,179,0.43,"[<ptreeopt.tree.PTree object at 0x155514d47f70>
 <ptreeopt.tree.PTree object at 0x155514d47bb0>
 <ptreeopt.tree.PTree object at 0x155514d47130>]",6,1,3,10
1900,189,0.43,"[<ptreeopt.tree.PTree object at 0x155514d47f70>
 <ptreeopt.tree.PTree object at 0x155514d47bb0>
 <ptreeopt.tree.PTree object at 0x155514d47130>]",6,1,3,10
2000,199,0.43,"[<ptreeopt.tree.PTree object at 0x155514d47f70>
 <ptreeopt.tree.PTree object at 0x155514d47bb0>
 <ptreeopt.tree.PTree object at 0x155514d47130>]",6,1,3,10
2100,210,0.43,"[<ptreeopt.tree.PTree object at 0x155514d47f70>
 <ptreeopt.tree.PTree object at 0x155514d47bb0>
 <ptreeopt.tree.PTree object at 0x155514d47130>]",6,1,3,10
2200,220,0.43,"[<ptreeopt.tree.PTree object at 0x155514d47f70>
 <ptreeopt.tree.PTree object at 0x155514d47bb0>
 <ptreeopt.tree.PTree object at 0x155514d47130>]",6,1,3,10
2300,230,0.43,"[<ptreeopt.tree.PTree object at 0x155514d47f70>
 <ptreeopt.tree.PTree object at 0x155514d47bb0>
 <ptreeopt.tree.PTree object at 0x155514d47130>]",6,1,3,10
2400,240,0.43,"[<ptreeopt.tree.PTree object at 0x155514d47f70>
 <ptreeopt.tree.PTree object at 0x155514d47bb0>
 <ptreeopt.tree.PTree object at 0x155514d47130>]",6,1,3,10
2500,250,0.43,"[<ptreeopt.tree.PTree object at 0x155514d47f70>
 <ptreeopt.tree.PTree object at 0x155514d47bb0>
 <ptreeopt.tree.PTree object at 0x155514d47130>]",6,1,3,10
2600,261,0.43,"[<ptreeopt.tree.PTree object at 0x155514d47f70>
 <ptreeopt.tree.PTree object at 0x155514d47bb0>
 <ptreeopt.tree.PTree object at 0x155514d47130>]",6,1,3,10
2700,270,0.43,"[<ptreeopt.tree.PTree object at 0x155514d47f70>
 <ptreeopt.tree.PTree object at 0x155514d47bb0>
 <ptreeopt.tree.PTree object at 0x155514d47130>]",6,1,3,10
2800,280,0.43,"[<ptreeopt.tree.PTree object at 0x155514d47f70>
 <ptreeopt.tree.PTree object at 0x155514d47bb0>
 <ptreeopt.tree.PTree object at 0x155514d47130>]",6,1,3,10
2900,290,0.43,"[<ptreeopt.tree.PTree object at 0x155514d47f70>
 <ptreeopt.tree.PTree object at 0x155514d47bb0>
 <ptreeopt.tree.PTree object at 0x155514d47130>]",6,1,3,10
3000,300,0.43,"[<ptreeopt.tree.PTree object at 0x155514d47f70>
 <ptreeopt.tree.PTree object at 0x155514d47bb0>
 <ptreeopt.tree.PTree object at 0x155514d47130>]",6,1,3,10
3100,311,0.43,"[<ptreeopt.tree.PTree object at 0x155514d47f70>
 <ptreeopt.tree.PTree object at 0x155514d47bb0>
 <ptreeopt.tree.PTree object at 0x155514d47130>]",6,1,3,10
3200,321,0.43,"[<ptreeopt.tree.PTree object at 0x155514d47f70>
 <ptreeopt.tree.PTree object at 0x155514d47bb0>
 <ptreeopt.tree.PTree object at 0x155514d47130>]",6,1,3,10
3300,331,0.43,"[<ptreeopt.tree.PTree object at 0x155514d47f70>
 <ptreeopt.tree.PTree object at 0x155514d47bb0>
 <ptreeopt.tree.PTree object at 0x155514d47130>]",6,1,3,10
3400,341,0.43,"[<ptreeopt.tree.PTree object at 0x155514d47f70>
 <ptreeopt.tree.PTree object at 0x155514d47bb0>
 <ptreeopt.tree.PTree object at 0x155514d47130>]",6,1,3,10
3500,351,0.43,"[<ptreeopt.tree.PTree object at 0x155514d47f70>
 <ptreeopt.tree.PTree object at 0x155514d47bb0>
 <ptreeopt.tree.PTree object at 0x155514d47130>]",6,1,3,10
3600,360,0.43,"[<ptreeopt.tree.PTree object at 0x155514d47f70>
 <ptreeopt.tree.PTree object at 0x155514d47bb0>
 <ptreeopt.tree.PTree object at 0x155514d47130>]",6,1,3,10
3700,371,0.43,"[<ptreeopt.tree.PTree object at 0x155514d47f70>
 <ptreeopt.tree.PTree object at 0x155514d47bb0>
 <ptreeopt.tree.PTree object at 0x155514d47130>]",6,1,3,10
3800,381,0.43,"[<ptreeopt.tree.PTree object at 0x155514d47f70>
 <ptreeopt.tree.PTree object at 0x155514d47bb0>
 <ptreeopt.tree.PTree object at 0x155514d47130>]",6,1,3,10
3900,391,0.43,"[<ptreeopt.tree.PTree object at 0x155514d47f70>
 <ptreeopt.tree.PTree object at 0x155514d47bb0>
 <ptreeopt.tree.PTree object at 0x155514d47130>]",6,1,3,10
4000,401,0.43,"[<ptreeopt.tree.PTree object at 0x155514d47f70>
 <ptreeopt.tree.PTree object at 0x155514d47bb0>
 <ptreeopt.tree.PTree object at 0x155514d47130>]",6,1,3,10
4100,410,0.43,"[<ptreeopt.tree.PTree object at 0x155514d47f70>
 <ptreeopt.tree.PTree object at 0x155514d47bb0>
 <ptreeopt.tree.PTree object at 0x155514d47130>]",6,1,3,10
4200,421,0.43,"[<ptreeopt.tree.PTree object at 0x155514d47f70>
 <ptreeopt.tree.PTree object at 0x155514d47bb0>
 <ptreeopt.tree.PTree object at 0x155514d47130>]",6,1,3,10
4300,432,0.43,"[<ptreeopt.tree.PTree object at 0x155514d47f70>
 <ptreeopt.tree.PTree object at 0x155514d47bb0>
 <ptreeopt.tree.PTree object at 0x155514d47130>]",6,1,3,10
4400,444,0.43,"[<ptreeopt.tree.PTree object at 0x155514d47f70>
 <ptreeopt.tree.PTree object at 0x155514d47bb0>
 <ptreeopt.tree.PTree object at 0x155514d47130>]",6,1,3,10
4500,455,0.43,"[<ptreeopt.tree.PTree object at 0x155514d47f70>
 <ptreeopt.tree.PTree object at 0x155514d47bb0>
 <ptreeopt.tree.PTree object at 0x155514d47130>]",6,1,3,10
4600,465,0.43,"[<ptreeopt.tree.PTree object at 0x155514d47f70>
 <ptreeopt.tree.PTree object at 0x155514d47bb0>
 <ptreeopt.tree.PTree object at 0x155514d47130>]",6,1,3,10
4700,476,0.43,"[<ptreeopt.tree.PTree object at 0x155514d47f70>
 <ptreeopt.tree.PTree object at 0x155514d47bb0>
 <ptreeopt.tree.PTree object at 0x155514d47130>]",6,1,3,10
4800,487,0.43,"[<ptreeopt.tree.PTree object at 0x155514d47f70>
 <ptreeopt.tree.PTree object at 0x155514d47bb0>
 <ptreeopt.tree.PTree object at 0x155514d47130>]",6,1,3,10
4900,497,0.43,"[<ptreeopt.tree.PTree object at 0x155514d47f70>
 <ptreeopt.tree.PTree object at 0x155514d47bb0>
 <ptreeopt.tree.PTree object at 0x155514d47130>]",6,1,3,10
5000,508,0.43,"[<ptreeopt.tree.PTree object at 0x155514d47f70>
 <ptreeopt.tree.PTree object at 0x155514d47bb0>
 <ptreeopt.tree.PTree object at 0x155514d47130>]",6,1,3,10
5100,519,0.43,"[<ptreeopt.tree.PTree object at 0x155514d47f70>
 <ptreeopt.tree.PTree object at 0x155514d47bb0>
 <ptreeopt.tree.PTree object at 0x155514d47130>]",6,1,3,10
5200,529,0.43,"[<ptreeopt.tree.PTree object at 0x155514d47f70>
 <ptreeopt.tree.PTree object at 0x155514d47bb0>
 <ptreeopt.tree.PTree object at 0x155514d47130>]",6,1,3,10
5300,539,0.43,"[<ptreeopt.tree.PTree object at 0x155514d47f70>
 <ptreeopt.tree.PTree object at 0x155514d47bb0>
 <ptreeopt.tree.PTree object at 0x155514d47130>]",6,1,3,10
5400,550,0.43,"[<ptreeopt.tree.PTree object at 0x155514d47f70>
 <ptreeopt.tree.PTree object at 0x155514d47bb0>
 <ptreeopt.tree.PTree object at 0x155514d47130>]",6,1,3,10
5500,560,0.43,"[<ptreeopt.tree.PTree object at 0x155514d47f70>
 <ptreeopt.tree.PTree object at 0x155514d47bb0>
 <ptreeopt.tree.PTree object at 0x155514d47130>]",6,1,3,10
5600,570,0.43,"[<ptreeopt.tree.PTree object at 0x155514d47f70>
 <ptreeopt.tree.PTree object at 0x155514d47bb0>
 <ptreeopt.tree.PTree object at 0x155514d47130>]",6,1,3,10
5700,580,0.43,"[<ptreeopt.tree.PTree object at 0x155514d47f70>
 <ptreeopt.tree.PTree object at 0x155514d47bb0>
 <ptreeopt.tree.PTree object at 0x155514d47130>]",6,1,3,10
5800,589,0.43,"[<ptreeopt.tree.PTree object at 0x155514d47f70>
 <ptreeopt.tree.PTree object at 0x155514d47bb0>
 <ptreeopt.tree.PTree object at 0x155514d47130>]",6,1,3,10
5900,599,0.43,"[<ptreeopt.tree.PTree object at 0x155514d47f70>
 <ptreeopt.tree.PTree object at 0x155514d47bb0>
 <ptreeopt.tree.PTree object at 0x155514d47130>]",6,1,3,10
6000,609,0.43,"[<ptreeopt.tree.PTree object at 0x155514d47f70>
 <ptreeopt.tree.PTree object at 0x155514d47bb0>
 <ptreeopt.tree.PTree object at 0x155514d47130>]",6,1,3,10
6100,619,0.43,"[<ptreeopt.tree.PTree object at 0x155514d47f70>
 <ptreeopt.tree.PTree object at 0x155514d47bb0>
 <ptreeopt.tree.PTree object at 0x155514d47130>]",6,1,3,10
6200,629,0.43,"[<ptreeopt.tree.PTree object at 0x155514d47f70>
 <ptreeopt.tree.PTree object at 0x155514d47bb0>
 <ptreeopt.tree.PTree object at 0x155514d47130>]",6,1,3,10
6300,639,0.43,"[<ptreeopt.tree.PTree object at 0x155514d47f70>
 <ptreeopt.tree.PTree object at 0x155514d47bb0>
 <ptreeopt.tree.PTree object at 0x155514d47130>]",6,1,3,10
6400,650,0.43,"[<ptreeopt.tree.PTree object at 0x155514d47f70>
 <ptreeopt.tree.PTree object at 0x155514d47bb0>
 <ptreeopt.tree.PTree object at 0x155514d47130>]",6,1,3,10
6500,660,0.43,"[<ptreeopt.tree.PTree object at 0x155514d47f70>
 <ptreeopt.tree.PTree object at 0x155514d47bb0>
 <ptreeopt.tree.PTree object at 0x155514d47130>]",6,1,3,10
6600,671,0.43,"[<ptreeopt.tree.PTree object at 0x155514d47f70>
 <ptreeopt.tree.PTree object at 0x155514d47bb0>
 <ptreeopt.tree.PTree object at 0x155514d47130>]",6,1,3,10
6700,681,0.43,"[<ptreeopt.tree.PTree object at 0x155514d47f70>
 <ptreeopt.tree.PTree object at 0x155514d47bb0>
 <ptreeopt.tree.PTree object at 0x155514d47130>]",6,1,3,10
6800,691,0.43,"[<ptreeopt.tree.PTree object at 0x155514d47f70>
 <ptreeopt.tree.PTree object at 0x155514d47bb0>
 <ptreeopt.tree.PTree object at 0x155514d47130>]",6,1,3,10
6900,702,0.43,"[<ptreeopt.tree.PTree object at 0x155514d47f70>
 <ptreeopt.tree.PTree object at 0x155514d47bb0>
 <ptreeopt.tree.PTree object at 0x155514d47130>]",6,1,3,10
7000,713,0.43,"[<ptreeopt.tree.PTree object at 0x155514d47f70>
 <ptreeopt.tree.PTree object at 0x155514d47bb0>
 <ptreeopt.tree.PTree object at 0x155514d47130>]",6,1,3,10
7100,723,0.43,"[<ptreeopt.tree.PTree object at 0x155514d47f70>
 <ptreeopt.tree.PTree object at 0x155514d47bb0>
 <ptreeopt.tree.PTree object at 0x155514d47130>]",6,1,3,10
7200,733,0.43,"[<ptreeopt.tree.PTree object at 0x155514d47f70>
 <ptreeopt.tree.PTree object at 0x155514d47bb0>
 <ptreeopt.tree.PTree object at 0x155514d47130>]",6,1,3,10
7300,743,0.43,"[<ptreeopt.tree.PTree object at 0x155514d47f70>
 <ptreeopt.tree.PTree object at 0x155514d47bb0>
 <ptreeopt.tree.PTree object at 0x155514d47130>]",6,1,3,10
7400,752,0.43,"[<ptreeopt.tree.PTree object at 0x155514d47f70>
 <ptreeopt.tree.PTree object at 0x155514d47bb0>
 <ptreeopt.tree.PTree object at 0x155514d47130>]",6,1,3,10
7500,763,0.43,"[<ptreeopt.tree.PTree object at 0x155514d47f70>
 <ptreeopt.tree.PTree object at 0x155514d47bb0>
 <ptreeopt.tree.PTree object at 0x155514d47130>]",6,1,3,10
7600,772,0.43,"[<ptreeopt.tree.PTree object at 0x155514d47f70>
 <ptreeopt.tree.PTree object at 0x155514d47bb0>
 <ptreeopt.tree.PTree object at 0x155514d47130>]",6,1,3,10
7700,782,0.43,"[<ptreeopt.tree.PTree object at 0x155514d47f70>
 <ptreeopt.tree.PTree object at 0x155514d47bb0>
 <ptreeopt.tree.PTree object at 0x155514d47130>]",6,1,3,10
7800,792,0.43,"[<ptreeopt.tree.PTree object at 0x155514d47f70>
 <ptreeopt.tree.PTree object at 0x155514d47bb0>
 <ptreeopt.tree.PTree object at 0x155514d47130>]",6,1,3,10
7900,802,0.43,"[<ptreeopt.tree.PTree object at 0x155514d47f70>
 <ptreeopt.tree.PTree object at 0x155514d47bb0>
 <ptreeopt.tree.PTree object at 0x155514d47130>]",6,1,3,10
8000,812,0.43,"[<ptreeopt.tree.PTree object at 0x155514d47f70>
 <ptreeopt.tree.PTree object at 0x155514d47bb0>
 <ptreeopt.tree.PTree object at 0x155514d47130>]",6,1,3,10
8100,822,0.43,"[<ptreeopt.tree.PTree object at 0x155514d47f70>
 <ptreeopt.tree.PTree object at 0x155514d47bb0>
 <ptreeopt.tree.PTree object at 0x155514d47130>]",6,1,3,10
8200,831,0.43,"[<ptreeopt.tree.PTree object at 0x155514d47f70>
 <ptreeopt.tree.PTree object at 0x155514d47bb0>
 <ptreeopt.tree.PTree object at 0x155514d47130>]",6,1,3,10
8300,841,0.43,"[<ptreeopt.tree.PTree object at 0x155514d47f70>
 <ptreeopt.tree.PTree object at 0x155514d47bb0>
 <ptreeopt.tree.PTree object at 0x155514d47130>]",6,1,3,10
8400,851,0.43,"[<ptreeopt.tree.PTree object at 0x155514d47f70>
 <ptreeopt.tree.PTree object at 0x155514d47bb0>
 <ptreeopt.tree.PTree object at 0x155514d47130>]",6,1,3,10
8500,862,0.43,"[<ptreeopt.tree.PTree object at 0x155514d47f70>
 <ptreeopt.tree.PTree object at 0x155514d47bb0>
 <ptreeopt.tree.PTree object at 0x155514d47130>]",6,1,3,10
8600,871,0.43,"[<ptreeopt.tree.PTree object at 0x155514d47f70>
 <ptreeopt.tree.PTree object at 0x155514d47bb0>
 <ptreeopt.tree.PTree object at 0x155514d47130>]",6,1,3,10
8700,881,0.43,"[<ptreeopt.tree.PTree object at 0x155514d47f70>
 <ptreeopt.tree.PTree object at 0x155514d47bb0>
 <ptreeopt.tree.PTree object at 0x155514d47130>]",6,1,3,10
8800,890,0.43,"[<ptreeopt.tree.PTree object at 0x155514d47f70>
 <ptreeopt.tree.PTree object at 0x155514d47bb0>
 <ptreeopt.tree.PTree object at 0x155514d47130>]",6,1,3,10
8900,901,0.43,"[<ptreeopt.tree.PTree object at 0x155514d47f70>
 <ptreeopt.tree.PTree object at 0x155514d47bb0>
 <ptreeopt.tree.PTree object at 0x155514d47130>]",6,1,3,10
9000,912,0.43,"[<ptreeopt.tree.PTree object at 0x155514d47f70>
 <ptreeopt.tree.PTree object at 0x155514d47bb0>
 <ptreeopt.tree.PTree object at 0x155514d47130>]",6,1,3,10
9100,922,0.43,"[<ptreeopt.tree.PTree object at 0x155514d47f70>
 <ptreeopt.tree.PTree object at 0x155514d47bb0>
 <ptreeopt.tree.PTree object at 0x155514d47130>]",6,1,3,10
9200,932,0.43,"[<ptreeopt.tree.PTree object at 0x155514d47f70>
 <ptreeopt.tree.PTree object at 0x155514d47bb0>
 <ptreeopt.tree.PTree object at 0x155514d47130>]",6,1,3,10
9300,942,0.43,"[<ptreeopt.tree.PTree object at 0x155514d47f70>
 <ptreeopt.tree.PTree object at 0x155514d47bb0>
 <ptreeopt.tree.PTree object at 0x155514d47130>]",6,1,3,10
9400,952,0.43,"[<ptreeopt.tree.PTree object at 0x155514d47f70>
 <ptreeopt.tree.PTree object at 0x155514d47bb0>
 <ptreeopt.tree.PTree object at 0x155514d47130>]",6,1,3,10
9500,962,0.43,"[<ptreeopt.tree.PTree object at 0x155514d47f70>
 <ptreeopt.tree.PTree object at 0x155514d47bb0>
 <ptreeopt.tree.PTree object at 0x155514d47130>]",6,1,3,10
9600,973,0.43,"[<ptreeopt.tree.PTree object at 0x155514d47f70>
 <ptreeopt.tree.PTree object at 0x155514d47bb0>
 <ptreeopt.tree.PTree object at 0x155514d47130>]",6,1,3,10
9700,984,0.43,"[<ptreeopt.tree.PTree object at 0x155514d47f70>
 <ptreeopt.tree.PTree object at 0x155514d47bb0>
 <ptreeopt.tree.PTree object at 0x155514d47130>]",6,1,3,10
9800,993,0.43,"[<ptreeopt.tree.PTree object at 0x155514d47f70>
 <ptreeopt.tree.PTree object at 0x155514d47bb0>
 <ptreeopt.tree.PTree object at 0x155514d47130>]",6,1,3,10
9900,1004,0.43,"[<ptreeopt.tree.PTree object at 0x155514d47f70>
 <ptreeopt.tree.PTree object at 0x155514d47bb0>
 <ptreeopt.tree.PTree object at 0x155514d47130>]",6,1,3,10
10000,1014,0.43,"[<ptreeopt.tree.PTree object at 0x155514d47f70>
 <ptreeopt.tree.PTree object at 0x155514d47bb0>
 <ptreeopt.tree.PTree object at 0x155514d47130>]",6,1,3,10
100,10,0.61,"[<ptreeopt.tree.PTree object at 0x1555153fd3d0>
 <ptreeopt.tree.PTree object at 0x1555153fd220>
 <ptreeopt.tree.PTree object at 0x1555153fde50>]",6,2,3,10
200,20,0.58,"[<ptreeopt.tree.PTree object at 0x155517173bb0>
 <ptreeopt.tree.PTree object at 0x155517173160>
 <ptreeopt.tree.PTree object at 0x155517173ee0>]",6,2,3,10
300,30,0.58,"[<ptreeopt.tree.PTree object at 0x155517173bb0>
 <ptreeopt.tree.PTree object at 0x155517173160>
 <ptreeopt.tree.PTree object at 0x155517173ee0>]",6,2,3,10
400,40,0.58,"[<ptreeopt.tree.PTree object at 0x155517173bb0>
 <ptreeopt.tree.PTree object at 0x155517173160>
 <ptreeopt.tree.PTree object at 0x155517173ee0>]",6,2,3,10
500,50,0.58,"[<ptreeopt.tree.PTree object at 0x155517173bb0>
 <ptreeopt.tree.PTree object at 0x155517173160>
 <ptreeopt.tree.PTree object at 0x155517173ee0>]",6,2,3,10
600,60,0.58,"[<ptreeopt.tree.PTree object at 0x155517173bb0>
 <ptreeopt.tree.PTree object at 0x155517173160>
 <ptreeopt.tree.PTree object at 0x155517173ee0>]",6,2,3,10
700,70,0.58,"[<ptreeopt.tree.PTree object at 0x155517173bb0>
 <ptreeopt.tree.PTree object at 0x155517173160>
 <ptreeopt.tree.PTree object at 0x155517173ee0>]",6,2,3,10
800,80,0.49,"[<ptreeopt.tree.PTree object at 0x155528102160>
 <ptreeopt.tree.PTree object at 0x155528102eb0>
 <ptreeopt.tree.PTree object at 0x155528102bb0>]",6,2,3,10
900,90,0.49,"[<ptreeopt.tree.PTree object at 0x155528102160>
 <ptreeopt.tree.PTree object at 0x155528102eb0>
 <ptreeopt.tree.PTree object at 0x155528102bb0>]",6,2,3,10
1000,100,0.49,"[<ptreeopt.tree.PTree object at 0x155528102160>
 <ptreeopt.tree.PTree object at 0x155528102eb0>
 <ptreeopt.tree.PTree object at 0x155528102bb0>]",6,2,3,10
1100,111,0.49,"[<ptreeopt.tree.PTree object at 0x155528102160>
 <ptreeopt.tree.PTree object at 0x155528102eb0>
 <ptreeopt.tree.PTree object at 0x155528102bb0>]",6,2,3,10
1200,121,0.49,"[<ptreeopt.tree.PTree object at 0x155528102160>
 <ptreeopt.tree.PTree object at 0x155528102eb0>
 <ptreeopt.tree.PTree object at 0x155528102bb0>]",6,2,3,10
1300,131,0.49,"[<ptreeopt.tree.PTree object at 0x155528102160>
 <ptreeopt.tree.PTree object at 0x155528102eb0>
 <ptreeopt.tree.PTree object at 0x155528102bb0>]",6,2,3,10
1400,140,0.49,"[<ptreeopt.tree.PTree object at 0x155528102160>
 <ptreeopt.tree.PTree object at 0x155528102eb0>
 <ptreeopt.tree.PTree object at 0x155528102bb0>]",6,2,3,10
1500,150,0.49,"[<ptreeopt.tree.PTree object at 0x155528102160>
 <ptreeopt.tree.PTree object at 0x155528102eb0>
 <ptreeopt.tree.PTree object at 0x155528102bb0>]",6,2,3,10
1600,160,0.42,"[<ptreeopt.tree.PTree object at 0x155517cfa100>
 <ptreeopt.tree.PTree object at 0x155517cfa220>
 <ptreeopt.tree.PTree object at 0x155517cfaa60>]",6,2,3,10
1700,170,0.42,"[<ptreeopt.tree.PTree object at 0x155517cfa100>
 <ptreeopt.tree.PTree object at 0x155517cfa220>
 <ptreeopt.tree.PTree object at 0x155517cfaa60>]",6,2,3,10
1800,181,0.42,"[<ptreeopt.tree.PTree object at 0x155517cfa100>
 <ptreeopt.tree.PTree object at 0x155517cfa220>
 <ptreeopt.tree.PTree object at 0x155517cfaa60>]",6,2,3,10
1900,191,0.42,"[<ptreeopt.tree.PTree object at 0x155517cfa100>
 <ptreeopt.tree.PTree object at 0x155517cfa220>
 <ptreeopt.tree.PTree object at 0x155517cfaa60>]",6,2,3,10
2000,201,0.42,"[<ptreeopt.tree.PTree object at 0x155517cfa100>
 <ptreeopt.tree.PTree object at 0x155517cfa220>
 <ptreeopt.tree.PTree object at 0x155517cfaa60>]",6,2,3,10
2100,211,0.42,"[<ptreeopt.tree.PTree object at 0x155517cfa100>
 <ptreeopt.tree.PTree object at 0x155517cfa220>
 <ptreeopt.tree.PTree object at 0x155517cfaa60>]",6,2,3,10
2200,220,0.42,"[<ptreeopt.tree.PTree object at 0x155517cfa100>
 <ptreeopt.tree.PTree object at 0x155517cfa220>
 <ptreeopt.tree.PTree object at 0x155517cfaa60>]",6,2,3,10
2300,230,0.42,"[<ptreeopt.tree.PTree object at 0x155517cfa100>
 <ptreeopt.tree.PTree object at 0x155517cfa220>
 <ptreeopt.tree.PTree object at 0x155517cfaa60>]",6,2,3,10
2400,240,0.42,"[<ptreeopt.tree.PTree object at 0x155517cfa100>
 <ptreeopt.tree.PTree object at 0x155517cfa220>
 <ptreeopt.tree.PTree object at 0x155517cfaa60>]",6,2,3,10
2500,251,0.42,"[<ptreeopt.tree.PTree object at 0x155517cfa100>
 <ptreeopt.tree.PTree object at 0x155517cfa220>
 <ptreeopt.tree.PTree object at 0x155517cfaa60>]",6,2,3,10
2600,262,0.42,"[<ptreeopt.tree.PTree object at 0x155517cfa100>
 <ptreeopt.tree.PTree object at 0x155517cfa220>
 <ptreeopt.tree.PTree object at 0x155517cfaa60>]",6,2,3,10
2700,272,0.42,"[<ptreeopt.tree.PTree object at 0x155517cfa100>
 <ptreeopt.tree.PTree object at 0x155517cfa220>
 <ptreeopt.tree.PTree object at 0x155517cfaa60>]",6,2,3,10
2800,282,0.42,"[<ptreeopt.tree.PTree object at 0x155517cfa100>
 <ptreeopt.tree.PTree object at 0x155517cfa220>
 <ptreeopt.tree.PTree object at 0x155517cfaa60>]",6,2,3,10
2900,293,0.42,"[<ptreeopt.tree.PTree object at 0x155517cfa100>
 <ptreeopt.tree.PTree object at 0x155517cfa220>
 <ptreeopt.tree.PTree object at 0x155517cfaa60>]",6,2,3,10
3000,303,0.42,"[<ptreeopt.tree.PTree object at 0x155517cfa100>
 <ptreeopt.tree.PTree object at 0x155517cfa220>
 <ptreeopt.tree.PTree object at 0x155517cfaa60>]",6,2,3,10
3100,316,0.42,"[<ptreeopt.tree.PTree object at 0x155517cfa100>
 <ptreeopt.tree.PTree object at 0x155517cfa220>
 <ptreeopt.tree.PTree object at 0x155517cfaa60>]",6,2,3,10
3200,326,0.42,"[<ptreeopt.tree.PTree object at 0x155517cfa100>
 <ptreeopt.tree.PTree object at 0x155517cfa220>
 <ptreeopt.tree.PTree object at 0x155517cfaa60>]",6,2,3,10
3300,337,0.42,"[<ptreeopt.tree.PTree object at 0x155517cfa100>
 <ptreeopt.tree.PTree object at 0x155517cfa220>
 <ptreeopt.tree.PTree object at 0x155517cfaa60>]",6,2,3,10
3400,347,0.42,"[<ptreeopt.tree.PTree object at 0x155517cfa100>
 <ptreeopt.tree.PTree object at 0x155517cfa220>
 <ptreeopt.tree.PTree object at 0x155517cfaa60>]",6,2,3,10
3500,359,0.42,"[<ptreeopt.tree.PTree object at 0x155517cfa100>
 <ptreeopt.tree.PTree object at 0x155517cfa220>
 <ptreeopt.tree.PTree object at 0x155517cfaa60>]",6,2,3,10
3600,369,0.42,"[<ptreeopt.tree.PTree object at 0x155517cfa100>
 <ptreeopt.tree.PTree object at 0x155517cfa220>
 <ptreeopt.tree.PTree object at 0x155517cfaa60>]",6,2,3,10
3700,380,0.42,"[<ptreeopt.tree.PTree object at 0x155517cfa100>
 <ptreeopt.tree.PTree object at 0x155517cfa220>
 <ptreeopt.tree.PTree object at 0x155517cfaa60>]",6,2,3,10
3800,390,0.42,"[<ptreeopt.tree.PTree object at 0x155517cfa100>
 <ptreeopt.tree.PTree object at 0x155517cfa220>
 <ptreeopt.tree.PTree object at 0x155517cfaa60>]",6,2,3,10
3900,401,0.42,"[<ptreeopt.tree.PTree object at 0x155517cfa100>
 <ptreeopt.tree.PTree object at 0x155517cfa220>
 <ptreeopt.tree.PTree object at 0x155517cfaa60>]",6,2,3,10
4000,411,0.42,"[<ptreeopt.tree.PTree object at 0x155517cfa100>
 <ptreeopt.tree.PTree object at 0x155517cfa220>
 <ptreeopt.tree.PTree object at 0x155517cfaa60>]",6,2,3,10
4100,422,0.42,"[<ptreeopt.tree.PTree object at 0x155517cfa100>
 <ptreeopt.tree.PTree object at 0x155517cfa220>
 <ptreeopt.tree.PTree object at 0x155517cfaa60>]",6,2,3,10
4200,432,0.42,"[<ptreeopt.tree.PTree object at 0x155517cfa100>
 <ptreeopt.tree.PTree object at 0x155517cfa220>
 <ptreeopt.tree.PTree object at 0x155517cfaa60>]",6,2,3,10
4300,442,0.42,"[<ptreeopt.tree.PTree object at 0x155517cfa100>
 <ptreeopt.tree.PTree object at 0x155517cfa220>
 <ptreeopt.tree.PTree object at 0x155517cfaa60>]",6,2,3,10
4400,453,0.42,"[<ptreeopt.tree.PTree object at 0x155517cfa100>
 <ptreeopt.tree.PTree object at 0x155517cfa220>
 <ptreeopt.tree.PTree object at 0x155517cfaa60>]",6,2,3,10
4500,462,0.42,"[<ptreeopt.tree.PTree object at 0x155517cfa100>
 <ptreeopt.tree.PTree object at 0x155517cfa220>
 <ptreeopt.tree.PTree object at 0x155517cfaa60>]",6,2,3,10
4600,472,0.42,"[<ptreeopt.tree.PTree object at 0x155517cfa100>
 <ptreeopt.tree.PTree object at 0x155517cfa220>
 <ptreeopt.tree.PTree object at 0x155517cfaa60>]",6,2,3,10
4700,483,0.42,"[<ptreeopt.tree.PTree object at 0x155517cfa100>
 <ptreeopt.tree.PTree object at 0x155517cfa220>
 <ptreeopt.tree.PTree object at 0x155517cfaa60>]",6,2,3,10
4800,493,0.42,"[<ptreeopt.tree.PTree object at 0x155517cfa100>
 <ptreeopt.tree.PTree object at 0x155517cfa220>
 <ptreeopt.tree.PTree object at 0x155517cfaa60>]",6,2,3,10
4900,503,0.42,"[<ptreeopt.tree.PTree object at 0x155517cfa100>
 <ptreeopt.tree.PTree object at 0x155517cfa220>
 <ptreeopt.tree.PTree object at 0x155517cfaa60>]",6,2,3,10
5000,513,0.42,"[<ptreeopt.tree.PTree object at 0x155517cfa100>
 <ptreeopt.tree.PTree object at 0x155517cfa220>
 <ptreeopt.tree.PTree object at 0x155517cfaa60>]",6,2,3,10
5100,524,0.42,"[<ptreeopt.tree.PTree object at 0x155517cfa100>
 <ptreeopt.tree.PTree object at 0x155517cfa220>
 <ptreeopt.tree.PTree object at 0x155517cfaa60>]",6,2,3,10
5200,534,0.42,"[<ptreeopt.tree.PTree object at 0x155517cfa100>
 <ptreeopt.tree.PTree object at 0x155517cfa220>
 <ptreeopt.tree.PTree object at 0x155517cfaa60>]",6,2,3,10
5300,544,0.42,"[<ptreeopt.tree.PTree object at 0x155517cfa100>
 <ptreeopt.tree.PTree object at 0x155517cfa220>
 <ptreeopt.tree.PTree object at 0x155517cfaa60>]",6,2,3,10
5400,555,0.42,"[<ptreeopt.tree.PTree object at 0x155517cfa100>
 <ptreeopt.tree.PTree object at 0x155517cfa220>
 <ptreeopt.tree.PTree object at 0x155517cfaa60>]",6,2,3,10
5500,566,0.42,"[<ptreeopt.tree.PTree object at 0x155517cfa100>
 <ptreeopt.tree.PTree object at 0x155517cfa220>
 <ptreeopt.tree.PTree object at 0x155517cfaa60>]",6,2,3,10
5600,577,0.42,"[<ptreeopt.tree.PTree object at 0x155517cfa100>
 <ptreeopt.tree.PTree object at 0x155517cfa220>
 <ptreeopt.tree.PTree object at 0x155517cfaa60>]",6,2,3,10
5700,589,0.42,"[<ptreeopt.tree.PTree object at 0x155517cfa100>
 <ptreeopt.tree.PTree object at 0x155517cfa220>
 <ptreeopt.tree.PTree object at 0x155517cfaa60>]",6,2,3,10
5800,599,0.42,"[<ptreeopt.tree.PTree object at 0x155517cfa100>
 <ptreeopt.tree.PTree object at 0x155517cfa220>
 <ptreeopt.tree.PTree object at 0x155517cfaa60>]",6,2,3,10
5900,610,0.42,"[<ptreeopt.tree.PTree object at 0x155517cfa100>
 <ptreeopt.tree.PTree object at 0x155517cfa220>
 <ptreeopt.tree.PTree object at 0x155517cfaa60>]",6,2,3,10
6000,620,0.42,"[<ptreeopt.tree.PTree object at 0x155517cfa100>
 <ptreeopt.tree.PTree object at 0x155517cfa220>
 <ptreeopt.tree.PTree object at 0x155517cfaa60>]",6,2,3,10
6100,630,0.42,"[<ptreeopt.tree.PTree object at 0x155517cfa100>
 <ptreeopt.tree.PTree object at 0x155517cfa220>
 <ptreeopt.tree.PTree object at 0x155517cfaa60>]",6,2,3,10
6200,640,0.42,"[<ptreeopt.tree.PTree object at 0x155517cfa100>
 <ptreeopt.tree.PTree object at 0x155517cfa220>
 <ptreeopt.tree.PTree object at 0x155517cfaa60>]",6,2,3,10
6300,651,0.42,"[<ptreeopt.tree.PTree object at 0x155517cfa100>
 <ptreeopt.tree.PTree object at 0x155517cfa220>
 <ptreeopt.tree.PTree object at 0x155517cfaa60>]",6,2,3,10
6400,662,0.42,"[<ptreeopt.tree.PTree object at 0x155517cfa100>
 <ptreeopt.tree.PTree object at 0x155517cfa220>
 <ptreeopt.tree.PTree object at 0x155517cfaa60>]",6,2,3,10
6500,672,0.42,"[<ptreeopt.tree.PTree object at 0x155517cfa100>
 <ptreeopt.tree.PTree object at 0x155517cfa220>
 <ptreeopt.tree.PTree object at 0x155517cfaa60>]",6,2,3,10
6600,681,0.42,"[<ptreeopt.tree.PTree object at 0x155517cfa100>
 <ptreeopt.tree.PTree object at 0x155517cfa220>
 <ptreeopt.tree.PTree object at 0x155517cfaa60>]",6,2,3,10
6700,692,0.42,"[<ptreeopt.tree.PTree object at 0x155517cfa100>
 <ptreeopt.tree.PTree object at 0x155517cfa220>
 <ptreeopt.tree.PTree object at 0x155517cfaa60>]",6,2,3,10
6800,702,0.42,"[<ptreeopt.tree.PTree object at 0x155517cfa100>
 <ptreeopt.tree.PTree object at 0x155517cfa220>
 <ptreeopt.tree.PTree object at 0x155517cfaa60>]",6,2,3,10
6900,712,0.42,"[<ptreeopt.tree.PTree object at 0x155517cfa100>
 <ptreeopt.tree.PTree object at 0x155517cfa220>
 <ptreeopt.tree.PTree object at 0x155517cfaa60>]",6,2,3,10
7000,723,0.42,"[<ptreeopt.tree.PTree object at 0x155517cfa100>
 <ptreeopt.tree.PTree object at 0x155517cfa220>
 <ptreeopt.tree.PTree object at 0x155517cfaa60>]",6,2,3,10
7100,733,0.42,"[<ptreeopt.tree.PTree object at 0x155517cfa100>
 <ptreeopt.tree.PTree object at 0x155517cfa220>
 <ptreeopt.tree.PTree object at 0x155517cfaa60>]",6,2,3,10
7200,744,0.42,"[<ptreeopt.tree.PTree object at 0x155517cfa100>
 <ptreeopt.tree.PTree object at 0x155517cfa220>
 <ptreeopt.tree.PTree object at 0x155517cfaa60>]",6,2,3,10
7300,754,0.42,"[<ptreeopt.tree.PTree object at 0x155517cfa100>
 <ptreeopt.tree.PTree object at 0x155517cfa220>
 <ptreeopt.tree.PTree object at 0x155517cfaa60>]",6,2,3,10
7400,764,0.42,"[<ptreeopt.tree.PTree object at 0x155517cfa100>
 <ptreeopt.tree.PTree object at 0x155517cfa220>
 <ptreeopt.tree.PTree object at 0x155517cfaa60>]",6,2,3,10
7500,774,0.42,"[<ptreeopt.tree.PTree object at 0x155517cfa100>
 <ptreeopt.tree.PTree object at 0x155517cfa220>
 <ptreeopt.tree.PTree object at 0x155517cfaa60>]",6,2,3,10
7600,784,0.42,"[<ptreeopt.tree.PTree object at 0x155517cfa100>
 <ptreeopt.tree.PTree object at 0x155517cfa220>
 <ptreeopt.tree.PTree object at 0x155517cfaa60>]",6,2,3,10
7700,795,0.42,"[<ptreeopt.tree.PTree object at 0x155517cfa100>
 <ptreeopt.tree.PTree object at 0x155517cfa220>
 <ptreeopt.tree.PTree object at 0x155517cfaa60>]",6,2,3,10
7800,806,0.42,"[<ptreeopt.tree.PTree object at 0x155517cfa100>
 <ptreeopt.tree.PTree object at 0x155517cfa220>
 <ptreeopt.tree.PTree object at 0x155517cfaa60>]",6,2,3,10
7900,817,0.42,"[<ptreeopt.tree.PTree object at 0x155517cfa100>
 <ptreeopt.tree.PTree object at 0x155517cfa220>
 <ptreeopt.tree.PTree object at 0x155517cfaa60>]",6,2,3,10
8000,828,0.42,"[<ptreeopt.tree.PTree object at 0x155517cfa100>
 <ptreeopt.tree.PTree object at 0x155517cfa220>
 <ptreeopt.tree.PTree object at 0x155517cfaa60>]",6,2,3,10
8100,838,0.42,"[<ptreeopt.tree.PTree object at 0x155517cfa100>
 <ptreeopt.tree.PTree object at 0x155517cfa220>
 <ptreeopt.tree.PTree object at 0x155517cfaa60>]",6,2,3,10
8200,849,0.42,"[<ptreeopt.tree.PTree object at 0x155517cfa100>
 <ptreeopt.tree.PTree object at 0x155517cfa220>
 <ptreeopt.tree.PTree object at 0x155517cfaa60>]",6,2,3,10
8300,860,0.42,"[<ptreeopt.tree.PTree object at 0x155517cfa100>
 <ptreeopt.tree.PTree object at 0x155517cfa220>
 <ptreeopt.tree.PTree object at 0x155517cfaa60>]",6,2,3,10
8400,870,0.42,"[<ptreeopt.tree.PTree object at 0x155517cfa100>
 <ptreeopt.tree.PTree object at 0x155517cfa220>
 <ptreeopt.tree.PTree object at 0x155517cfaa60>]",6,2,3,10
8500,881,0.42,"[<ptreeopt.tree.PTree object at 0x155517cfa100>
 <ptreeopt.tree.PTree object at 0x155517cfa220>
 <ptreeopt.tree.PTree object at 0x155517cfaa60>]",6,2,3,10
8600,893,0.42,"[<ptreeopt.tree.PTree object at 0x155517cfa100>
 <ptreeopt.tree.PTree object at 0x155517cfa220>
 <ptreeopt.tree.PTree object at 0x155517cfaa60>]",6,2,3,10
8700,904,0.42,"[<ptreeopt.tree.PTree object at 0x155517cfa100>
 <ptreeopt.tree.PTree object at 0x155517cfa220>
 <ptreeopt.tree.PTree object at 0x155517cfaa60>]",6,2,3,10
8800,914,0.42,"[<ptreeopt.tree.PTree object at 0x155517cfa100>
 <ptreeopt.tree.PTree object at 0x155517cfa220>
 <ptreeopt.tree.PTree object at 0x155517cfaa60>]",6,2,3,10
8900,924,0.42,"[<ptreeopt.tree.PTree object at 0x155517cfa100>
 <ptreeopt.tree.PTree object at 0x155517cfa220>
 <ptreeopt.tree.PTree object at 0x155517cfaa60>]",6,2,3,10
9000,934,0.42,"[<ptreeopt.tree.PTree object at 0x155517cfa100>
 <ptreeopt.tree.PTree object at 0x155517cfa220>
 <ptreeopt.tree.PTree object at 0x155517cfaa60>]",6,2,3,10
9100,945,0.42,"[<ptreeopt.tree.PTree object at 0x155517cfa100>
 <ptreeopt.tree.PTree object at 0x155517cfa220>
 <ptreeopt.tree.PTree object at 0x155517cfaa60>]",6,2,3,10
9200,955,0.42,"[<ptreeopt.tree.PTree object at 0x155517cfa100>
 <ptreeopt.tree.PTree object at 0x155517cfa220>
 <ptreeopt.tree.PTree object at 0x155517cfaa60>]",6,2,3,10
9300,966,0.42,"[<ptreeopt.tree.PTree object at 0x155517cfa100>
 <ptreeopt.tree.PTree object at 0x155517cfa220>
 <ptreeopt.tree.PTree object at 0x155517cfaa60>]",6,2,3,10
9400,977,0.42,"[<ptreeopt.tree.PTree object at 0x155517cfa100>
 <ptreeopt.tree.PTree object at 0x155517cfa220>
 <ptreeopt.tree.PTree object at 0x155517cfaa60>]",6,2,3,10
9500,987,0.42,"[<ptreeopt.tree.PTree object at 0x155517cfa100>
 <ptreeopt.tree.PTree object at 0x155517cfa220>
 <ptreeopt.tree.PTree object at 0x155517cfaa60>]",6,2,3,10
9600,997,0.42,"[<ptreeopt.tree.PTree object at 0x155517cfa100>
 <ptreeopt.tree.PTree object at 0x155517cfa220>
 <ptreeopt.tree.PTree object at 0x155517cfaa60>]",6,2,3,10
9700,1007,0.42,"[<ptreeopt.tree.PTree object at 0x155517cfa100>
 <ptreeopt.tree.PTree object at 0x155517cfa220>
 <ptreeopt.tree.PTree object at 0x155517cfaa60>]",6,2,3,10
9800,1017,0.42,"[<ptreeopt.tree.PTree object at 0x155517cfa100>
 <ptreeopt.tree.PTree object at 0x155517cfa220>
 <ptreeopt.tree.PTree object at 0x155517cfaa60>]",6,2,3,10
9900,1027,0.42,"[<ptreeopt.tree.PTree object at 0x155517cfa100>
 <ptreeopt.tree.PTree object at 0x155517cfa220>
 <ptreeopt.tree.PTree object at 0x155517cfaa60>]",6,2,3,10
10000,1037,0.42,"[<ptreeopt.tree.PTree object at 0x155517cfa100>
 <ptreeopt.tree.PTree object at 0x155517cfa220>
 <ptreeopt.tree.PTree object at 0x155517cfaa60>]",6,2,3,10
100,10,0.56,"[<ptreeopt.tree.PTree object at 0x15552847cfa0>
 <ptreeopt.tree.PTree object at 0x15552847c130>
 <ptreeopt.tree.PTree object at 0x15552847c040>]",6,3,3,10
200,20,0.56,"[<ptreeopt.tree.PTree object at 0x15552847cfa0>
 <ptreeopt.tree.PTree object at 0x15552847c130>
 <ptreeopt.tree.PTree object at 0x15552847c040>]",6,3,3,10
300,30,0.56,"[<ptreeopt.tree.PTree object at 0x15552847cfa0>
 <ptreeopt.tree.PTree object at 0x15552847c130>
 <ptreeopt.tree.PTree object at 0x15552847c040>]",6,3,3,10
400,41,0.56,"[<ptreeopt.tree.PTree object at 0x15552847cfa0>
 <ptreeopt.tree.PTree object at 0x15552847c130>
 <ptreeopt.tree.PTree object at 0x15552847c040>]",6,3,3,10
500,50,0.56,"[<ptreeopt.tree.PTree object at 0x15552847cfa0>
 <ptreeopt.tree.PTree object at 0x15552847c130>
 <ptreeopt.tree.PTree object at 0x15552847c040>]",6,3,3,10
600,61,0.43,"[<ptreeopt.tree.PTree object at 0x1555153c0af0>
 <ptreeopt.tree.PTree object at 0x1555153c0a00>
 <ptreeopt.tree.PTree object at 0x1555153c0280>]",6,3,3,10
700,71,0.43,"[<ptreeopt.tree.PTree object at 0x1555153c0af0>
 <ptreeopt.tree.PTree object at 0x1555153c0a00>
 <ptreeopt.tree.PTree object at 0x1555153c0280>]",6,3,3,10
800,82,0.43,"[<ptreeopt.tree.PTree object at 0x1555153c0af0>
 <ptreeopt.tree.PTree object at 0x1555153c0a00>
 <ptreeopt.tree.PTree object at 0x1555153c0280>]",6,3,3,10
900,92,0.43,"[<ptreeopt.tree.PTree object at 0x1555153c0af0>
 <ptreeopt.tree.PTree object at 0x1555153c0a00>
 <ptreeopt.tree.PTree object at 0x1555153c0280>]",6,3,3,10
1000,102,0.43,"[<ptreeopt.tree.PTree object at 0x1555153c0af0>
 <ptreeopt.tree.PTree object at 0x1555153c0a00>
 <ptreeopt.tree.PTree object at 0x1555153c0280>]",6,3,3,10
1100,112,0.43,"[<ptreeopt.tree.PTree object at 0x1555153c0af0>
 <ptreeopt.tree.PTree object at 0x1555153c0a00>
 <ptreeopt.tree.PTree object at 0x1555153c0280>]",6,3,3,10
1200,122,0.43,"[<ptreeopt.tree.PTree object at 0x1555153c0af0>
 <ptreeopt.tree.PTree object at 0x1555153c0a00>
 <ptreeopt.tree.PTree object at 0x1555153c0280>]",6,3,3,10
1300,132,0.43,"[<ptreeopt.tree.PTree object at 0x1555153c0af0>
 <ptreeopt.tree.PTree object at 0x1555153c0a00>
 <ptreeopt.tree.PTree object at 0x1555153c0280>]",6,3,3,10
1400,142,0.43,"[<ptreeopt.tree.PTree object at 0x1555153c0af0>
 <ptreeopt.tree.PTree object at 0x1555153c0a00>
 <ptreeopt.tree.PTree object at 0x1555153c0280>]",6,3,3,10
1500,152,0.43,"[<ptreeopt.tree.PTree object at 0x1555153c0af0>
 <ptreeopt.tree.PTree object at 0x1555153c0a00>
 <ptreeopt.tree.PTree object at 0x1555153c0280>]",6,3,3,10
1600,162,0.43,"[<ptreeopt.tree.PTree object at 0x1555153c0af0>
 <ptreeopt.tree.PTree object at 0x1555153c0a00>
 <ptreeopt.tree.PTree object at 0x1555153c0280>]",6,3,3,10
1700,172,0.43,"[<ptreeopt.tree.PTree object at 0x1555153c0af0>
 <ptreeopt.tree.PTree object at 0x1555153c0a00>
 <ptreeopt.tree.PTree object at 0x1555153c0280>]",6,3,3,10
1800,182,0.43,"[<ptreeopt.tree.PTree object at 0x1555153c0af0>
 <ptreeopt.tree.PTree object at 0x1555153c0a00>
 <ptreeopt.tree.PTree object at 0x1555153c0280>]",6,3,3,10
1900,192,0.43,"[<ptreeopt.tree.PTree object at 0x1555153c0af0>
 <ptreeopt.tree.PTree object at 0x1555153c0a00>
 <ptreeopt.tree.PTree object at 0x1555153c0280>]",6,3,3,10
2000,202,0.43,"[<ptreeopt.tree.PTree object at 0x1555153c0af0>
 <ptreeopt.tree.PTree object at 0x1555153c0a00>
 <ptreeopt.tree.PTree object at 0x1555153c0280>]",6,3,3,10
2100,212,0.43,"[<ptreeopt.tree.PTree object at 0x1555153c0af0>
 <ptreeopt.tree.PTree object at 0x1555153c0a00>
 <ptreeopt.tree.PTree object at 0x1555153c0280>]",6,3,3,10
2200,223,0.43,"[<ptreeopt.tree.PTree object at 0x1555153c0af0>
 <ptreeopt.tree.PTree object at 0x1555153c0a00>
 <ptreeopt.tree.PTree object at 0x1555153c0280>]",6,3,3,10
2300,234,0.43,"[<ptreeopt.tree.PTree object at 0x1555153c0af0>
 <ptreeopt.tree.PTree object at 0x1555153c0a00>
 <ptreeopt.tree.PTree object at 0x1555153c0280>]",6,3,3,10
2400,244,0.43,"[<ptreeopt.tree.PTree object at 0x1555153c0af0>
 <ptreeopt.tree.PTree object at 0x1555153c0a00>
 <ptreeopt.tree.PTree object at 0x1555153c0280>]",6,3,3,10
2500,256,0.43,"[<ptreeopt.tree.PTree object at 0x1555153c0af0>
 <ptreeopt.tree.PTree object at 0x1555153c0a00>
 <ptreeopt.tree.PTree object at 0x1555153c0280>]",6,3,3,10
2600,267,0.43,"[<ptreeopt.tree.PTree object at 0x1555153c0af0>
 <ptreeopt.tree.PTree object at 0x1555153c0a00>
 <ptreeopt.tree.PTree object at 0x1555153c0280>]",6,3,3,10
2700,277,0.43,"[<ptreeopt.tree.PTree object at 0x1555153c0af0>
 <ptreeopt.tree.PTree object at 0x1555153c0a00>
 <ptreeopt.tree.PTree object at 0x1555153c0280>]",6,3,3,10
2800,287,0.43,"[<ptreeopt.tree.PTree object at 0x1555153c0af0>
 <ptreeopt.tree.PTree object at 0x1555153c0a00>
 <ptreeopt.tree.PTree object at 0x1555153c0280>]",6,3,3,10
2900,297,0.43,"[<ptreeopt.tree.PTree object at 0x1555153c0af0>
 <ptreeopt.tree.PTree object at 0x1555153c0a00>
 <ptreeopt.tree.PTree object at 0x1555153c0280>]",6,3,3,10
3000,307,0.43,"[<ptreeopt.tree.PTree object at 0x1555153c0af0>
 <ptreeopt.tree.PTree object at 0x1555153c0a00>
 <ptreeopt.tree.PTree object at 0x1555153c0280>]",6,3,3,10
3100,317,0.43,"[<ptreeopt.tree.PTree object at 0x1555153c0af0>
 <ptreeopt.tree.PTree object at 0x1555153c0a00>
 <ptreeopt.tree.PTree object at 0x1555153c0280>]",6,3,3,10
3200,327,0.43,"[<ptreeopt.tree.PTree object at 0x1555153c0af0>
 <ptreeopt.tree.PTree object at 0x1555153c0a00>
 <ptreeopt.tree.PTree object at 0x1555153c0280>]",6,3,3,10
3300,337,0.43,"[<ptreeopt.tree.PTree object at 0x1555153c0af0>
 <ptreeopt.tree.PTree object at 0x1555153c0a00>
 <ptreeopt.tree.PTree object at 0x1555153c0280>]",6,3,3,10
3400,348,0.43,"[<ptreeopt.tree.PTree object at 0x1555153c0af0>
 <ptreeopt.tree.PTree object at 0x1555153c0a00>
 <ptreeopt.tree.PTree object at 0x1555153c0280>]",6,3,3,10
3500,358,0.43,"[<ptreeopt.tree.PTree object at 0x1555153c0af0>
 <ptreeopt.tree.PTree object at 0x1555153c0a00>
 <ptreeopt.tree.PTree object at 0x1555153c0280>]",6,3,3,10
3600,369,0.43,"[<ptreeopt.tree.PTree object at 0x1555153c0af0>
 <ptreeopt.tree.PTree object at 0x1555153c0a00>
 <ptreeopt.tree.PTree object at 0x1555153c0280>]",6,3,3,10
3700,379,0.43,"[<ptreeopt.tree.PTree object at 0x1555153c0af0>
 <ptreeopt.tree.PTree object at 0x1555153c0a00>
 <ptreeopt.tree.PTree object at 0x1555153c0280>]",6,3,3,10
3800,390,0.43,"[<ptreeopt.tree.PTree object at 0x1555153c0af0>
 <ptreeopt.tree.PTree object at 0x1555153c0a00>
 <ptreeopt.tree.PTree object at 0x1555153c0280>]",6,3,3,10
3900,400,0.43,"[<ptreeopt.tree.PTree object at 0x1555153c0af0>
 <ptreeopt.tree.PTree object at 0x1555153c0a00>
 <ptreeopt.tree.PTree object at 0x1555153c0280>]",6,3,3,10
4000,410,0.43,"[<ptreeopt.tree.PTree object at 0x1555153c0af0>
 <ptreeopt.tree.PTree object at 0x1555153c0a00>
 <ptreeopt.tree.PTree object at 0x1555153c0280>]",6,3,3,10
4100,420,0.43,"[<ptreeopt.tree.PTree object at 0x1555153c0af0>
 <ptreeopt.tree.PTree object at 0x1555153c0a00>
 <ptreeopt.tree.PTree object at 0x1555153c0280>]",6,3,3,10
4200,430,0.43,"[<ptreeopt.tree.PTree object at 0x1555153c0af0>
 <ptreeopt.tree.PTree object at 0x1555153c0a00>
 <ptreeopt.tree.PTree object at 0x1555153c0280>]",6,3,3,10
4300,440,0.43,"[<ptreeopt.tree.PTree object at 0x1555153c0af0>
 <ptreeopt.tree.PTree object at 0x1555153c0a00>
 <ptreeopt.tree.PTree object at 0x1555153c0280>]",6,3,3,10
4400,450,0.43,"[<ptreeopt.tree.PTree object at 0x1555153c0af0>
 <ptreeopt.tree.PTree object at 0x1555153c0a00>
 <ptreeopt.tree.PTree object at 0x1555153c0280>]",6,3,3,10
4500,460,0.43,"[<ptreeopt.tree.PTree object at 0x1555153c0af0>
 <ptreeopt.tree.PTree object at 0x1555153c0a00>
 <ptreeopt.tree.PTree object at 0x1555153c0280>]",6,3,3,10
4600,471,0.43,"[<ptreeopt.tree.PTree object at 0x1555153c0af0>
 <ptreeopt.tree.PTree object at 0x1555153c0a00>
 <ptreeopt.tree.PTree object at 0x1555153c0280>]",6,3,3,10
4700,481,0.43,"[<ptreeopt.tree.PTree object at 0x1555153c0af0>
 <ptreeopt.tree.PTree object at 0x1555153c0a00>
 <ptreeopt.tree.PTree object at 0x1555153c0280>]",6,3,3,10
4800,492,0.43,"[<ptreeopt.tree.PTree object at 0x1555153c0af0>
 <ptreeopt.tree.PTree object at 0x1555153c0a00>
 <ptreeopt.tree.PTree object at 0x1555153c0280>]",6,3,3,10
4900,501,0.43,"[<ptreeopt.tree.PTree object at 0x1555153c0af0>
 <ptreeopt.tree.PTree object at 0x1555153c0a00>
 <ptreeopt.tree.PTree object at 0x1555153c0280>]",6,3,3,10
5000,512,0.43,"[<ptreeopt.tree.PTree object at 0x1555153c0af0>
 <ptreeopt.tree.PTree object at 0x1555153c0a00>
 <ptreeopt.tree.PTree object at 0x1555153c0280>]",6,3,3,10
5100,522,0.43,"[<ptreeopt.tree.PTree object at 0x1555153c0af0>
 <ptreeopt.tree.PTree object at 0x1555153c0a00>
 <ptreeopt.tree.PTree object at 0x1555153c0280>]",6,3,3,10
5200,532,0.43,"[<ptreeopt.tree.PTree object at 0x1555153c0af0>
 <ptreeopt.tree.PTree object at 0x1555153c0a00>
 <ptreeopt.tree.PTree object at 0x1555153c0280>]",6,3,3,10
5300,542,0.43,"[<ptreeopt.tree.PTree object at 0x1555153c0af0>
 <ptreeopt.tree.PTree object at 0x1555153c0a00>
 <ptreeopt.tree.PTree object at 0x1555153c0280>]",6,3,3,10
5400,553,0.43,"[<ptreeopt.tree.PTree object at 0x1555153c0af0>
 <ptreeopt.tree.PTree object at 0x1555153c0a00>
 <ptreeopt.tree.PTree object at 0x1555153c0280>]",6,3,3,10
5500,564,0.43,"[<ptreeopt.tree.PTree object at 0x1555153c0af0>
 <ptreeopt.tree.PTree object at 0x1555153c0a00>
 <ptreeopt.tree.PTree object at 0x1555153c0280>]",6,3,3,10
5600,575,0.43,"[<ptreeopt.tree.PTree object at 0x1555153c0af0>
 <ptreeopt.tree.PTree object at 0x1555153c0a00>
 <ptreeopt.tree.PTree object at 0x1555153c0280>]",6,3,3,10
5700,585,0.43,"[<ptreeopt.tree.PTree object at 0x1555153c0af0>
 <ptreeopt.tree.PTree object at 0x1555153c0a00>
 <ptreeopt.tree.PTree object at 0x1555153c0280>]",6,3,3,10
5800,595,0.43,"[<ptreeopt.tree.PTree object at 0x1555153c0af0>
 <ptreeopt.tree.PTree object at 0x1555153c0a00>
 <ptreeopt.tree.PTree object at 0x1555153c0280>]",6,3,3,10
5900,605,0.43,"[<ptreeopt.tree.PTree object at 0x1555153c0af0>
 <ptreeopt.tree.PTree object at 0x1555153c0a00>
 <ptreeopt.tree.PTree object at 0x1555153c0280>]",6,3,3,10
6000,615,0.43,"[<ptreeopt.tree.PTree object at 0x1555153c0af0>
 <ptreeopt.tree.PTree object at 0x1555153c0a00>
 <ptreeopt.tree.PTree object at 0x1555153c0280>]",6,3,3,10
6100,624,0.43,"[<ptreeopt.tree.PTree object at 0x1555153c0af0>
 <ptreeopt.tree.PTree object at 0x1555153c0a00>
 <ptreeopt.tree.PTree object at 0x1555153c0280>]",6,3,3,10
6200,635,0.43,"[<ptreeopt.tree.PTree object at 0x1555153c0af0>
 <ptreeopt.tree.PTree object at 0x1555153c0a00>
 <ptreeopt.tree.PTree object at 0x1555153c0280>]",6,3,3,10
6300,645,0.43,"[<ptreeopt.tree.PTree object at 0x1555153c0af0>
 <ptreeopt.tree.PTree object at 0x1555153c0a00>
 <ptreeopt.tree.PTree object at 0x1555153c0280>]",6,3,3,10
6400,656,0.43,"[<ptreeopt.tree.PTree object at 0x1555153c0af0>
 <ptreeopt.tree.PTree object at 0x1555153c0a00>
 <ptreeopt.tree.PTree object at 0x1555153c0280>]",6,3,3,10
6500,666,0.43,"[<ptreeopt.tree.PTree object at 0x1555153c0af0>
 <ptreeopt.tree.PTree object at 0x1555153c0a00>
 <ptreeopt.tree.PTree object at 0x1555153c0280>]",6,3,3,10
6600,677,0.43,"[<ptreeopt.tree.PTree object at 0x1555153c0af0>
 <ptreeopt.tree.PTree object at 0x1555153c0a00>
 <ptreeopt.tree.PTree object at 0x1555153c0280>]",6,3,3,10
6700,688,0.43,"[<ptreeopt.tree.PTree object at 0x1555153c0af0>
 <ptreeopt.tree.PTree object at 0x1555153c0a00>
 <ptreeopt.tree.PTree object at 0x1555153c0280>]",6,3,3,10
6800,698,0.43,"[<ptreeopt.tree.PTree object at 0x1555153c0af0>
 <ptreeopt.tree.PTree object at 0x1555153c0a00>
 <ptreeopt.tree.PTree object at 0x1555153c0280>]",6,3,3,10
6900,708,0.43,"[<ptreeopt.tree.PTree object at 0x1555153c0af0>
 <ptreeopt.tree.PTree object at 0x1555153c0a00>
 <ptreeopt.tree.PTree object at 0x1555153c0280>]",6,3,3,10
7000,718,0.43,"[<ptreeopt.tree.PTree object at 0x1555153c0af0>
 <ptreeopt.tree.PTree object at 0x1555153c0a00>
 <ptreeopt.tree.PTree object at 0x1555153c0280>]",6,3,3,10
7100,729,0.43,"[<ptreeopt.tree.PTree object at 0x1555153c0af0>
 <ptreeopt.tree.PTree object at 0x1555153c0a00>
 <ptreeopt.tree.PTree object at 0x1555153c0280>]",6,3,3,10
7200,739,0.43,"[<ptreeopt.tree.PTree object at 0x1555153c0af0>
 <ptreeopt.tree.PTree object at 0x1555153c0a00>
 <ptreeopt.tree.PTree object at 0x1555153c0280>]",6,3,3,10
7300,749,0.43,"[<ptreeopt.tree.PTree object at 0x1555153c0af0>
 <ptreeopt.tree.PTree object at 0x1555153c0a00>
 <ptreeopt.tree.PTree object at 0x1555153c0280>]",6,3,3,10
7400,759,0.43,"[<ptreeopt.tree.PTree object at 0x1555153c0af0>
 <ptreeopt.tree.PTree object at 0x1555153c0a00>
 <ptreeopt.tree.PTree object at 0x1555153c0280>]",6,3,3,10
7500,770,0.43,"[<ptreeopt.tree.PTree object at 0x1555153c0af0>
 <ptreeopt.tree.PTree object at 0x1555153c0a00>
 <ptreeopt.tree.PTree object at 0x1555153c0280>]",6,3,3,10
7600,781,0.43,"[<ptreeopt.tree.PTree object at 0x1555153c0af0>
 <ptreeopt.tree.PTree object at 0x1555153c0a00>
 <ptreeopt.tree.PTree object at 0x1555153c0280>]",6,3,3,10
7700,791,0.43,"[<ptreeopt.tree.PTree object at 0x1555153c0af0>
 <ptreeopt.tree.PTree object at 0x1555153c0a00>
 <ptreeopt.tree.PTree object at 0x1555153c0280>]",6,3,3,10
7800,801,0.43,"[<ptreeopt.tree.PTree object at 0x1555153c0af0>
 <ptreeopt.tree.PTree object at 0x1555153c0a00>
 <ptreeopt.tree.PTree object at 0x1555153c0280>]",6,3,3,10
7900,811,0.43,"[<ptreeopt.tree.PTree object at 0x1555153c0af0>
 <ptreeopt.tree.PTree object at 0x1555153c0a00>
 <ptreeopt.tree.PTree object at 0x1555153c0280>]",6,3,3,10
8000,821,0.43,"[<ptreeopt.tree.PTree object at 0x1555153c0af0>
 <ptreeopt.tree.PTree object at 0x1555153c0a00>
 <ptreeopt.tree.PTree object at 0x1555153c0280>]",6,3,3,10
8100,832,0.43,"[<ptreeopt.tree.PTree object at 0x1555153c0af0>
 <ptreeopt.tree.PTree object at 0x1555153c0a00>
 <ptreeopt.tree.PTree object at 0x1555153c0280>]",6,3,3,10
8200,842,0.43,"[<ptreeopt.tree.PTree object at 0x1555153c0af0>
 <ptreeopt.tree.PTree object at 0x1555153c0a00>
 <ptreeopt.tree.PTree object at 0x1555153c0280>]",6,3,3,10
8300,853,0.43,"[<ptreeopt.tree.PTree object at 0x1555153c0af0>
 <ptreeopt.tree.PTree object at 0x1555153c0a00>
 <ptreeopt.tree.PTree object at 0x1555153c0280>]",6,3,3,10
8400,863,0.43,"[<ptreeopt.tree.PTree object at 0x1555153c0af0>
 <ptreeopt.tree.PTree object at 0x1555153c0a00>
 <ptreeopt.tree.PTree object at 0x1555153c0280>]",6,3,3,10
8500,875,0.43,"[<ptreeopt.tree.PTree object at 0x1555153c0af0>
 <ptreeopt.tree.PTree object at 0x1555153c0a00>
 <ptreeopt.tree.PTree object at 0x1555153c0280>]",6,3,3,10
8600,886,0.43,"[<ptreeopt.tree.PTree object at 0x1555153c0af0>
 <ptreeopt.tree.PTree object at 0x1555153c0a00>
 <ptreeopt.tree.PTree object at 0x1555153c0280>]",6,3,3,10
8700,897,0.43,"[<ptreeopt.tree.PTree object at 0x1555153c0af0>
 <ptreeopt.tree.PTree object at 0x1555153c0a00>
 <ptreeopt.tree.PTree object at 0x1555153c0280>]",6,3,3,10
8800,908,0.43,"[<ptreeopt.tree.PTree object at 0x1555153c0af0>
 <ptreeopt.tree.PTree object at 0x1555153c0a00>
 <ptreeopt.tree.PTree object at 0x1555153c0280>]",6,3,3,10
8900,918,0.43,"[<ptreeopt.tree.PTree object at 0x1555153c0af0>
 <ptreeopt.tree.PTree object at 0x1555153c0a00>
 <ptreeopt.tree.PTree object at 0x1555153c0280>]",6,3,3,10
9000,929,0.43,"[<ptreeopt.tree.PTree object at 0x1555153c0af0>
 <ptreeopt.tree.PTree object at 0x1555153c0a00>
 <ptreeopt.tree.PTree object at 0x1555153c0280>]",6,3,3,10
9100,940,0.43,"[<ptreeopt.tree.PTree object at 0x1555153c0af0>
 <ptreeopt.tree.PTree object at 0x1555153c0a00>
 <ptreeopt.tree.PTree object at 0x1555153c0280>]",6,3,3,10
9200,950,0.43,"[<ptreeopt.tree.PTree object at 0x1555153c0af0>
 <ptreeopt.tree.PTree object at 0x1555153c0a00>
 <ptreeopt.tree.PTree object at 0x1555153c0280>]",6,3,3,10
9300,960,0.43,"[<ptreeopt.tree.PTree object at 0x1555153c0af0>
 <ptreeopt.tree.PTree object at 0x1555153c0a00>
 <ptreeopt.tree.PTree object at 0x1555153c0280>]",6,3,3,10
9400,970,0.43,"[<ptreeopt.tree.PTree object at 0x1555153c0af0>
 <ptreeopt.tree.PTree object at 0x1555153c0a00>
 <ptreeopt.tree.PTree object at 0x1555153c0280>]",6,3,3,10
9500,980,0.43,"[<ptreeopt.tree.PTree object at 0x1555153c0af0>
 <ptreeopt.tree.PTree object at 0x1555153c0a00>
 <ptreeopt.tree.PTree object at 0x1555153c0280>]",6,3,3,10
9600,990,0.43,"[<ptreeopt.tree.PTree object at 0x1555153c0af0>
 <ptreeopt.tree.PTree object at 0x1555153c0a00>
 <ptreeopt.tree.PTree object at 0x1555153c0280>]",6,3,3,10
9700,1001,0.43,"[<ptreeopt.tree.PTree object at 0x1555153c0af0>
 <ptreeopt.tree.PTree object at 0x1555153c0a00>
 <ptreeopt.tree.PTree object at 0x1555153c0280>]",6,3,3,10
9800,1011,0.43,"[<ptreeopt.tree.PTree object at 0x1555153c0af0>
 <ptreeopt.tree.PTree object at 0x1555153c0a00>
 <ptreeopt.tree.PTree object at 0x1555153c0280>]",6,3,3,10
9900,1021,0.43,"[<ptreeopt.tree.PTree object at 0x1555153c0af0>
 <ptreeopt.tree.PTree object at 0x1555153c0a00>
 <ptreeopt.tree.PTree object at 0x1555153c0280>]",6,3,3,10
10000,1032,0.43,"[<ptreeopt.tree.PTree object at 0x1555153c0af0>
 <ptreeopt.tree.PTree object at 0x1555153c0a00>
 <ptreeopt.tree.PTree object at 0x1555153c0280>]",6,3,3,10
100,10,0.6,"[<ptreeopt.tree.PTree object at 0x155520c7cc70>
 <ptreeopt.tree.PTree object at 0x155520c7ca00>
 <ptreeopt.tree.PTree object at 0x155520c7c8b0>]",6,4,3,10
200,21,0.6,"[<ptreeopt.tree.PTree object at 0x155520c7cc70>
 <ptreeopt.tree.PTree object at 0x155520c7ca00>
 <ptreeopt.tree.PTree object at 0x155520c7c8b0>]",6,4,3,10
300,32,0.54,"[<ptreeopt.tree.PTree object at 0x15551524a520>
 <ptreeopt.tree.PTree object at 0x15551524ae80>
 <ptreeopt.tree.PTree object at 0x15551524a3d0>]",6,4,3,10
400,43,0.52,"[<ptreeopt.tree.PTree object at 0x155517388910>
 <ptreeopt.tree.PTree object at 0x1555173885b0>
 <ptreeopt.tree.PTree object at 0x155517388e50>]",6,4,3,10
500,53,0.52,"[<ptreeopt.tree.PTree object at 0x155517388910>
 <ptreeopt.tree.PTree object at 0x1555173885b0>
 <ptreeopt.tree.PTree object at 0x155517388e50>]",6,4,3,10
600,63,0.52,"[<ptreeopt.tree.PTree object at 0x155517388910>
 <ptreeopt.tree.PTree object at 0x1555173885b0>
 <ptreeopt.tree.PTree object at 0x155517388e50>]",6,4,3,10
700,73,0.52,"[<ptreeopt.tree.PTree object at 0x155517388910>
 <ptreeopt.tree.PTree object at 0x1555173885b0>
 <ptreeopt.tree.PTree object at 0x155517388e50>]",6,4,3,10
800,82,0.52,"[<ptreeopt.tree.PTree object at 0x155517388910>
 <ptreeopt.tree.PTree object at 0x1555173885b0>
 <ptreeopt.tree.PTree object at 0x155517388e50>]",6,4,3,10
900,91,0.52,"[<ptreeopt.tree.PTree object at 0x155517388910>
 <ptreeopt.tree.PTree object at 0x1555173885b0>
 <ptreeopt.tree.PTree object at 0x155517388e50>]",6,4,3,10
1000,101,0.52,"[<ptreeopt.tree.PTree object at 0x155517388910>
 <ptreeopt.tree.PTree object at 0x1555173885b0>
 <ptreeopt.tree.PTree object at 0x155517388e50>]",6,4,3,10
1100,110,0.52,"[<ptreeopt.tree.PTree object at 0x155517388910>
 <ptreeopt.tree.PTree object at 0x1555173885b0>
 <ptreeopt.tree.PTree object at 0x155517388e50>]",6,4,3,10
1200,119,0.52,"[<ptreeopt.tree.PTree object at 0x155517388910>
 <ptreeopt.tree.PTree object at 0x1555173885b0>
 <ptreeopt.tree.PTree object at 0x155517388e50>]",6,4,3,10
1300,128,0.52,"[<ptreeopt.tree.PTree object at 0x155517388910>
 <ptreeopt.tree.PTree object at 0x1555173885b0>
 <ptreeopt.tree.PTree object at 0x155517388e50>]",6,4,3,10
1400,138,0.52,"[<ptreeopt.tree.PTree object at 0x155517388910>
 <ptreeopt.tree.PTree object at 0x1555173885b0>
 <ptreeopt.tree.PTree object at 0x155517388e50>]",6,4,3,10
1500,147,0.52,"[<ptreeopt.tree.PTree object at 0x155517388910>
 <ptreeopt.tree.PTree object at 0x1555173885b0>
 <ptreeopt.tree.PTree object at 0x155517388e50>]",6,4,3,10
1600,156,0.52,"[<ptreeopt.tree.PTree object at 0x155517388910>
 <ptreeopt.tree.PTree object at 0x1555173885b0>
 <ptreeopt.tree.PTree object at 0x155517388e50>]",6,4,3,10
1700,166,0.52,"[<ptreeopt.tree.PTree object at 0x155517388910>
 <ptreeopt.tree.PTree object at 0x1555173885b0>
 <ptreeopt.tree.PTree object at 0x155517388e50>]",6,4,3,10
1800,176,0.51,"[<ptreeopt.tree.PTree object at 0x15551524b850>
 <ptreeopt.tree.PTree object at 0x15551524b1c0>
 <ptreeopt.tree.PTree object at 0x15551524ba60>]",6,4,3,10
1900,185,0.51,"[<ptreeopt.tree.PTree object at 0x15551524b850>
 <ptreeopt.tree.PTree object at 0x15551524b1c0>
 <ptreeopt.tree.PTree object at 0x15551524ba60>]",6,4,3,10
2000,194,0.51,"[<ptreeopt.tree.PTree object at 0x15551524b850>
 <ptreeopt.tree.PTree object at 0x15551524b1c0>
 <ptreeopt.tree.PTree object at 0x15551524ba60>]",6,4,3,10
2100,205,0.51,"[<ptreeopt.tree.PTree object at 0x15551524b850>
 <ptreeopt.tree.PTree object at 0x15551524b1c0>
 <ptreeopt.tree.PTree object at 0x15551524ba60>]",6,4,3,10
2200,214,0.51,"[<ptreeopt.tree.PTree object at 0x15551524b850>
 <ptreeopt.tree.PTree object at 0x15551524b1c0>
 <ptreeopt.tree.PTree object at 0x15551524ba60>]",6,4,3,10
2300,224,0.51,"[<ptreeopt.tree.PTree object at 0x15551524b850>
 <ptreeopt.tree.PTree object at 0x15551524b1c0>
 <ptreeopt.tree.PTree object at 0x15551524ba60>]",6,4,3,10
2400,234,0.51,"[<ptreeopt.tree.PTree object at 0x15551524b850>
 <ptreeopt.tree.PTree object at 0x15551524b1c0>
 <ptreeopt.tree.PTree object at 0x15551524ba60>]",6,4,3,10
2500,244,0.51,"[<ptreeopt.tree.PTree object at 0x15551524b850>
 <ptreeopt.tree.PTree object at 0x15551524b1c0>
 <ptreeopt.tree.PTree object at 0x15551524ba60>]",6,4,3,10
2600,253,0.51,"[<ptreeopt.tree.PTree object at 0x15551524b850>
 <ptreeopt.tree.PTree object at 0x15551524b1c0>
 <ptreeopt.tree.PTree object at 0x15551524ba60>]",6,4,3,10
2700,263,0.51,"[<ptreeopt.tree.PTree object at 0x15551524b850>
 <ptreeopt.tree.PTree object at 0x15551524b1c0>
 <ptreeopt.tree.PTree object at 0x15551524ba60>]",6,4,3,10
2800,273,0.51,"[<ptreeopt.tree.PTree object at 0x15551524b850>
 <ptreeopt.tree.PTree object at 0x15551524b1c0>
 <ptreeopt.tree.PTree object at 0x15551524ba60>]",6,4,3,10
2900,283,0.51,"[<ptreeopt.tree.PTree object at 0x15551524b850>
 <ptreeopt.tree.PTree object at 0x15551524b1c0>
 <ptreeopt.tree.PTree object at 0x15551524ba60>]",6,4,3,10
3000,293,0.51,"[<ptreeopt.tree.PTree object at 0x15551524b850>
 <ptreeopt.tree.PTree object at 0x15551524b1c0>
 <ptreeopt.tree.PTree object at 0x15551524ba60>]",6,4,3,10
3100,302,0.51,"[<ptreeopt.tree.PTree object at 0x15551524b850>
 <ptreeopt.tree.PTree object at 0x15551524b1c0>
 <ptreeopt.tree.PTree object at 0x15551524ba60>]",6,4,3,10
3200,312,0.51,"[<ptreeopt.tree.PTree object at 0x15551524b850>
 <ptreeopt.tree.PTree object at 0x15551524b1c0>
 <ptreeopt.tree.PTree object at 0x15551524ba60>]",6,4,3,10
3300,322,0.51,"[<ptreeopt.tree.PTree object at 0x15551524b850>
 <ptreeopt.tree.PTree object at 0x15551524b1c0>
 <ptreeopt.tree.PTree object at 0x15551524ba60>]",6,4,3,10
3400,332,0.51,"[<ptreeopt.tree.PTree object at 0x15551524b850>
 <ptreeopt.tree.PTree object at 0x15551524b1c0>
 <ptreeopt.tree.PTree object at 0x15551524ba60>]",6,4,3,10
3500,342,0.51,"[<ptreeopt.tree.PTree object at 0x15551524b850>
 <ptreeopt.tree.PTree object at 0x15551524b1c0>
 <ptreeopt.tree.PTree object at 0x15551524ba60>]",6,4,3,10
3600,352,0.43,"[<ptreeopt.tree.PTree object at 0x1555162df280>
 <ptreeopt.tree.PTree object at 0x1555162dfca0>
 <ptreeopt.tree.PTree object at 0x1555162df0a0>]",6,4,3,10
3700,362,0.43,"[<ptreeopt.tree.PTree object at 0x1555162df280>
 <ptreeopt.tree.PTree object at 0x1555162dfca0>
 <ptreeopt.tree.PTree object at 0x1555162df0a0>]",6,4,3,10
3800,372,0.43,"[<ptreeopt.tree.PTree object at 0x1555162df280>
 <ptreeopt.tree.PTree object at 0x1555162dfca0>
 <ptreeopt.tree.PTree object at 0x1555162df0a0>]",6,4,3,10
3900,382,0.43,"[<ptreeopt.tree.PTree object at 0x1555162df280>
 <ptreeopt.tree.PTree object at 0x1555162dfca0>
 <ptreeopt.tree.PTree object at 0x1555162df0a0>]",6,4,3,10
4000,393,0.43,"[<ptreeopt.tree.PTree object at 0x1555162df280>
 <ptreeopt.tree.PTree object at 0x1555162dfca0>
 <ptreeopt.tree.PTree object at 0x1555162df0a0>]",6,4,3,10
4100,402,0.43,"[<ptreeopt.tree.PTree object at 0x1555162df280>
 <ptreeopt.tree.PTree object at 0x1555162dfca0>
 <ptreeopt.tree.PTree object at 0x1555162df0a0>]",6,4,3,10
4200,413,0.43,"[<ptreeopt.tree.PTree object at 0x1555162df280>
 <ptreeopt.tree.PTree object at 0x1555162dfca0>
 <ptreeopt.tree.PTree object at 0x1555162df0a0>]",6,4,3,10
4300,423,0.43,"[<ptreeopt.tree.PTree object at 0x1555162df280>
 <ptreeopt.tree.PTree object at 0x1555162dfca0>
 <ptreeopt.tree.PTree object at 0x1555162df0a0>]",6,4,3,10
4400,432,0.43,"[<ptreeopt.tree.PTree object at 0x1555162df280>
 <ptreeopt.tree.PTree object at 0x1555162dfca0>
 <ptreeopt.tree.PTree object at 0x1555162df0a0>]",6,4,3,10
4500,442,0.43,"[<ptreeopt.tree.PTree object at 0x1555162df280>
 <ptreeopt.tree.PTree object at 0x1555162dfca0>
 <ptreeopt.tree.PTree object at 0x1555162df0a0>]",6,4,3,10
4600,452,0.43,"[<ptreeopt.tree.PTree object at 0x1555162df280>
 <ptreeopt.tree.PTree object at 0x1555162dfca0>
 <ptreeopt.tree.PTree object at 0x1555162df0a0>]",6,4,3,10
4700,462,0.43,"[<ptreeopt.tree.PTree object at 0x1555162df280>
 <ptreeopt.tree.PTree object at 0x1555162dfca0>
 <ptreeopt.tree.PTree object at 0x1555162df0a0>]",6,4,3,10
4800,472,0.43,"[<ptreeopt.tree.PTree object at 0x1555162df280>
 <ptreeopt.tree.PTree object at 0x1555162dfca0>
 <ptreeopt.tree.PTree object at 0x1555162df0a0>]",6,4,3,10
4900,483,0.43,"[<ptreeopt.tree.PTree object at 0x1555162df280>
 <ptreeopt.tree.PTree object at 0x1555162dfca0>
 <ptreeopt.tree.PTree object at 0x1555162df0a0>]",6,4,3,10
5000,494,0.43,"[<ptreeopt.tree.PTree object at 0x1555162df280>
 <ptreeopt.tree.PTree object at 0x1555162dfca0>
 <ptreeopt.tree.PTree object at 0x1555162df0a0>]",6,4,3,10
5100,504,0.43,"[<ptreeopt.tree.PTree object at 0x1555162df280>
 <ptreeopt.tree.PTree object at 0x1555162dfca0>
 <ptreeopt.tree.PTree object at 0x1555162df0a0>]",6,4,3,10
5200,514,0.43,"[<ptreeopt.tree.PTree object at 0x1555162df280>
 <ptreeopt.tree.PTree object at 0x1555162dfca0>
 <ptreeopt.tree.PTree object at 0x1555162df0a0>]",6,4,3,10
5300,525,0.43,"[<ptreeopt.tree.PTree object at 0x1555162df280>
 <ptreeopt.tree.PTree object at 0x1555162dfca0>
 <ptreeopt.tree.PTree object at 0x1555162df0a0>]",6,4,3,10
5400,537,0.43,"[<ptreeopt.tree.PTree object at 0x1555162df280>
 <ptreeopt.tree.PTree object at 0x1555162dfca0>
 <ptreeopt.tree.PTree object at 0x1555162df0a0>]",6,4,3,10
5500,547,0.43,"[<ptreeopt.tree.PTree object at 0x1555162df280>
 <ptreeopt.tree.PTree object at 0x1555162dfca0>
 <ptreeopt.tree.PTree object at 0x1555162df0a0>]",6,4,3,10
5600,559,0.43,"[<ptreeopt.tree.PTree object at 0x1555162df280>
 <ptreeopt.tree.PTree object at 0x1555162dfca0>
 <ptreeopt.tree.PTree object at 0x1555162df0a0>]",6,4,3,10
5700,569,0.43,"[<ptreeopt.tree.PTree object at 0x1555162df280>
 <ptreeopt.tree.PTree object at 0x1555162dfca0>
 <ptreeopt.tree.PTree object at 0x1555162df0a0>]",6,4,3,10
5800,579,0.43,"[<ptreeopt.tree.PTree object at 0x1555162df280>
 <ptreeopt.tree.PTree object at 0x1555162dfca0>
 <ptreeopt.tree.PTree object at 0x1555162df0a0>]",6,4,3,10
5900,589,0.43,"[<ptreeopt.tree.PTree object at 0x1555162df280>
 <ptreeopt.tree.PTree object at 0x1555162dfca0>
 <ptreeopt.tree.PTree object at 0x1555162df0a0>]",6,4,3,10
6000,598,0.43,"[<ptreeopt.tree.PTree object at 0x1555162df280>
 <ptreeopt.tree.PTree object at 0x1555162dfca0>
 <ptreeopt.tree.PTree object at 0x1555162df0a0>]",6,4,3,10
6100,608,0.43,"[<ptreeopt.tree.PTree object at 0x1555162df280>
 <ptreeopt.tree.PTree object at 0x1555162dfca0>
 <ptreeopt.tree.PTree object at 0x1555162df0a0>]",6,4,3,10
6200,617,0.43,"[<ptreeopt.tree.PTree object at 0x1555162df280>
 <ptreeopt.tree.PTree object at 0x1555162dfca0>
 <ptreeopt.tree.PTree object at 0x1555162df0a0>]",6,4,3,10
6300,627,0.43,"[<ptreeopt.tree.PTree object at 0x1555162df280>
 <ptreeopt.tree.PTree object at 0x1555162dfca0>
 <ptreeopt.tree.PTree object at 0x1555162df0a0>]",6,4,3,10
6400,636,0.43,"[<ptreeopt.tree.PTree object at 0x1555162df280>
 <ptreeopt.tree.PTree object at 0x1555162dfca0>
 <ptreeopt.tree.PTree object at 0x1555162df0a0>]",6,4,3,10
6500,646,0.43,"[<ptreeopt.tree.PTree object at 0x1555162df280>
 <ptreeopt.tree.PTree object at 0x1555162dfca0>
 <ptreeopt.tree.PTree object at 0x1555162df0a0>]",6,4,3,10
6600,656,0.43,"[<ptreeopt.tree.PTree object at 0x1555162df280>
 <ptreeopt.tree.PTree object at 0x1555162dfca0>
 <ptreeopt.tree.PTree object at 0x1555162df0a0>]",6,4,3,10
6700,667,0.43,"[<ptreeopt.tree.PTree object at 0x1555162df280>
 <ptreeopt.tree.PTree object at 0x1555162dfca0>
 <ptreeopt.tree.PTree object at 0x1555162df0a0>]",6,4,3,10
6800,676,0.43,"[<ptreeopt.tree.PTree object at 0x1555162df280>
 <ptreeopt.tree.PTree object at 0x1555162dfca0>
 <ptreeopt.tree.PTree object at 0x1555162df0a0>]",6,4,3,10
6900,686,0.43,"[<ptreeopt.tree.PTree object at 0x1555162df280>
 <ptreeopt.tree.PTree object at 0x1555162dfca0>
 <ptreeopt.tree.PTree object at 0x1555162df0a0>]",6,4,3,10
7000,696,0.43,"[<ptreeopt.tree.PTree object at 0x1555162df280>
 <ptreeopt.tree.PTree object at 0x1555162dfca0>
 <ptreeopt.tree.PTree object at 0x1555162df0a0>]",6,4,3,10
7100,706,0.43,"[<ptreeopt.tree.PTree object at 0x1555162df280>
 <ptreeopt.tree.PTree object at 0x1555162dfca0>
 <ptreeopt.tree.PTree object at 0x1555162df0a0>]",6,4,3,10
7200,715,0.43,"[<ptreeopt.tree.PTree object at 0x1555162df280>
 <ptreeopt.tree.PTree object at 0x1555162dfca0>
 <ptreeopt.tree.PTree object at 0x1555162df0a0>]",6,4,3,10
7300,725,0.43,"[<ptreeopt.tree.PTree object at 0x1555162df280>
 <ptreeopt.tree.PTree object at 0x1555162dfca0>
 <ptreeopt.tree.PTree object at 0x1555162df0a0>]",6,4,3,10
7400,736,0.43,"[<ptreeopt.tree.PTree object at 0x1555162df280>
 <ptreeopt.tree.PTree object at 0x1555162dfca0>
 <ptreeopt.tree.PTree object at 0x1555162df0a0>]",6,4,3,10
7500,746,0.43,"[<ptreeopt.tree.PTree object at 0x1555162df280>
 <ptreeopt.tree.PTree object at 0x1555162dfca0>
 <ptreeopt.tree.PTree object at 0x1555162df0a0>]",6,4,3,10
7600,756,0.43,"[<ptreeopt.tree.PTree object at 0x1555162df280>
 <ptreeopt.tree.PTree object at 0x1555162dfca0>
 <ptreeopt.tree.PTree object at 0x1555162df0a0>]",6,4,3,10
7700,766,0.43,"[<ptreeopt.tree.PTree object at 0x1555162df280>
 <ptreeopt.tree.PTree object at 0x1555162dfca0>
 <ptreeopt.tree.PTree object at 0x1555162df0a0>]",6,4,3,10
7800,776,0.43,"[<ptreeopt.tree.PTree object at 0x1555162df280>
 <ptreeopt.tree.PTree object at 0x1555162dfca0>
 <ptreeopt.tree.PTree object at 0x1555162df0a0>]",6,4,3,10
7900,786,0.43,"[<ptreeopt.tree.PTree object at 0x1555162df280>
 <ptreeopt.tree.PTree object at 0x1555162dfca0>
 <ptreeopt.tree.PTree object at 0x1555162df0a0>]",6,4,3,10
8000,795,0.43,"[<ptreeopt.tree.PTree object at 0x1555162df280>
 <ptreeopt.tree.PTree object at 0x1555162dfca0>
 <ptreeopt.tree.PTree object at 0x1555162df0a0>]",6,4,3,10
8100,805,0.43,"[<ptreeopt.tree.PTree object at 0x1555162df280>
 <ptreeopt.tree.PTree object at 0x1555162dfca0>
 <ptreeopt.tree.PTree object at 0x1555162df0a0>]",6,4,3,10
8200,815,0.43,"[<ptreeopt.tree.PTree object at 0x1555162df280>
 <ptreeopt.tree.PTree object at 0x1555162dfca0>
 <ptreeopt.tree.PTree object at 0x1555162df0a0>]",6,4,3,10
8300,824,0.43,"[<ptreeopt.tree.PTree object at 0x1555162df280>
 <ptreeopt.tree.PTree object at 0x1555162dfca0>
 <ptreeopt.tree.PTree object at 0x1555162df0a0>]",6,4,3,10
8400,834,0.43,"[<ptreeopt.tree.PTree object at 0x1555162df280>
 <ptreeopt.tree.PTree object at 0x1555162dfca0>
 <ptreeopt.tree.PTree object at 0x1555162df0a0>]",6,4,3,10
8500,844,0.43,"[<ptreeopt.tree.PTree object at 0x1555162df280>
 <ptreeopt.tree.PTree object at 0x1555162dfca0>
 <ptreeopt.tree.PTree object at 0x1555162df0a0>]",6,4,3,10
8600,854,0.43,"[<ptreeopt.tree.PTree object at 0x1555162df280>
 <ptreeopt.tree.PTree object at 0x1555162dfca0>
 <ptreeopt.tree.PTree object at 0x1555162df0a0>]",6,4,3,10
8700,864,0.43,"[<ptreeopt.tree.PTree object at 0x1555162df280>
 <ptreeopt.tree.PTree object at 0x1555162dfca0>
 <ptreeopt.tree.PTree object at 0x1555162df0a0>]",6,4,3,10
8800,873,0.43,"[<ptreeopt.tree.PTree object at 0x1555162df280>
 <ptreeopt.tree.PTree object at 0x1555162dfca0>
 <ptreeopt.tree.PTree object at 0x1555162df0a0>]",6,4,3,10
8900,884,0.43,"[<ptreeopt.tree.PTree object at 0x1555162df280>
 <ptreeopt.tree.PTree object at 0x1555162dfca0>
 <ptreeopt.tree.PTree object at 0x1555162df0a0>]",6,4,3,10
9000,893,0.43,"[<ptreeopt.tree.PTree object at 0x1555162df280>
 <ptreeopt.tree.PTree object at 0x1555162dfca0>
 <ptreeopt.tree.PTree object at 0x1555162df0a0>]",6,4,3,10
9100,903,0.43,"[<ptreeopt.tree.PTree object at 0x1555162df280>
 <ptreeopt.tree.PTree object at 0x1555162dfca0>
 <ptreeopt.tree.PTree object at 0x1555162df0a0>]",6,4,3,10
9200,914,0.43,"[<ptreeopt.tree.PTree object at 0x1555162df280>
 <ptreeopt.tree.PTree object at 0x1555162dfca0>
 <ptreeopt.tree.PTree object at 0x1555162df0a0>]",6,4,3,10
9300,923,0.43,"[<ptreeopt.tree.PTree object at 0x1555162df280>
 <ptreeopt.tree.PTree object at 0x1555162dfca0>
 <ptreeopt.tree.PTree object at 0x1555162df0a0>]",6,4,3,10
9400,933,0.43,"[<ptreeopt.tree.PTree object at 0x1555162df280>
 <ptreeopt.tree.PTree object at 0x1555162dfca0>
 <ptreeopt.tree.PTree object at 0x1555162df0a0>]",6,4,3,10
9500,943,0.43,"[<ptreeopt.tree.PTree object at 0x1555162df280>
 <ptreeopt.tree.PTree object at 0x1555162dfca0>
 <ptreeopt.tree.PTree object at 0x1555162df0a0>]",6,4,3,10
9600,953,0.43,"[<ptreeopt.tree.PTree object at 0x1555162df280>
 <ptreeopt.tree.PTree object at 0x1555162dfca0>
 <ptreeopt.tree.PTree object at 0x1555162df0a0>]",6,4,3,10
9700,963,0.43,"[<ptreeopt.tree.PTree object at 0x1555162df280>
 <ptreeopt.tree.PTree object at 0x1555162dfca0>
 <ptreeopt.tree.PTree object at 0x1555162df0a0>]",6,4,3,10
9800,973,0.43,"[<ptreeopt.tree.PTree object at 0x1555162df280>
 <ptreeopt.tree.PTree object at 0x1555162dfca0>
 <ptreeopt.tree.PTree object at 0x1555162df0a0>]",6,4,3,10
9900,983,0.43,"[<ptreeopt.tree.PTree object at 0x1555162df280>
 <ptreeopt.tree.PTree object at 0x1555162dfca0>
 <ptreeopt.tree.PTree object at 0x1555162df0a0>]",6,4,3,10
10000,992,0.43,"[<ptreeopt.tree.PTree object at 0x1555162df280>
 <ptreeopt.tree.PTree object at 0x1555162dfca0>
 <ptreeopt.tree.PTree object at 0x1555162df0a0>]",6,4,3,10
